undefinedï»¿ID,Source,TMC,Severity,Start_Time,End_Time,Start_Lat,Start_Lng,End_Lat,End_Lng,Distance(mi),Description,Number,Street,Side,City,County,State,Zipcode,Country,Timezone,Airport_Code,Weather_Timestamp,Temperature(F),Wind_Chill(F),Humidity(%),Pressure(in),Visibility(mi),Wind_Direction,Wind_Speed(mph),Precipitation(in),Weather_Condition,Amenity,Bump,Crossing,Give_Way,Junction,No_Exit,Railway,Roundabout,Station,Stop,Traffic_Calming,Traffic_Signal,Turning_Loop,Sunrise_Sunset,Civil_Twilight,Nautical_Twilight,Astronomical_Twilight
A-1,MapQuest,201,3,2/8/16 5:46,2/8/16 11:00,39.865147,-84.058723,0,0,0.01,Right lane blocked due to accident on I-70 Eastbound at Exit 41 OH-235 State Route 4.,0,I-70 E,R,Dayton,Montgomery,OH,45424,US,US/Eastern,KFFO,2/8/16 5:58,36.9,0,91,29.68,10,Calm,0,0.02,Light Rain,FALSE,FALSE,FALSE,FALSE,FALSE,FALSE,FALSE,FALSE,FALSE,FALSE,FALSE,FALSE,FALSE,Night,Night,Night,Night
A-2,MapQuest,201,2,2/8/16 6:07,2/8/16 6:37,39.928059,-82.831184,0,0.01,Accident on Brice Rd at Tussing Rd. Expect delays.,2584,Brice Rd,L,Reynoldsburg,Franklin,OH,43068-3402,US,US/Eastern,KCMH,2/8/16 5:51,37.9,0,100,29.65,10,Calm,0,0,Light Rain,FALSE,FALSE,FALSE,FALSE,FALSE,FALSE,FALSE,FALSE,FALSE,FALSE,FALSE,FALSE,FALSE,Night,Night,Night,Day
A-3,MapQuest,201,2,2/8/16 6:49,2/8/16 7:19,39.063148,-84.032608,0,0,0.01,Accident on OH-32 State Route 32 Westbound at Dela Palma Rd. Expect delays.,0,State Route 32,R,Williamsburg,Clermont,OH,45176,US,US/Eastern,KI69,2/8/16 6:56,36,33.3,100,29.67,10,SW,3.5,0,Overcast,FALSE,FALSE,FALSE,FALSE,FALSE,FALSE,FALSE,FALSE,FALSE,FALSE,FALSE,TRUE,FALSE,Night,Night,Day,Day
A-4,MapQuest,201,3,2/8/16 7:23,2/8/16 7:53,39.747753,-84.205582,0,0,0.01,Accident on I-75 Southbound at Exits 52 52B US-35. Expect delays.,0,I-75 S,R,Dayton,Montgomery,OH,45417,US,US/Eastern,KDAY,2/8/16 7:38,35.1,31,96,29.64,9,SW,4.6,0,Mostly Cloudy,FALSE,FALSE,FALSE,FALSE,FALSE,FALSE,FALSE,FALSE,FALSE,FALSE,FALSE,FALSE,FALSE,Night,Day,Day,Day
A-5,MapQuest,201,2,2/8/16 7:39,2/8/16 8:09,39.627781,-84.188354,0,0,0.01,Accident on McEwen Rd at OH-725 Miamisburg Centerville Rd. Expect delays.,0,Miamisburg Centerville Rd,R,Dayton,Montgomery,OH,45459,US,US/Eastern,KMGY,2/8/16 7:53,36,33.3,89,29.65,6,SW,3.5,0,Mostly Cloudy,FALSE,FALSE,FALSE,FALSE,FALSE,FALSE,FALSE,FALSE,FALSE,FALSE,FALSE,TRUE,FALSE,Day,Day,Day,Day
A-6,MapQuest,201,3,2/8/16 7:44,2/8/16 8:14,40.10059,-82.925194,0,0,0.01,Accident on I-270 Outerbelt Northbound near Exit 29 OH-3 State St. Expect delays.,0,Westerville Rd,R,Westerville,Franklin,OH,43081,US,US/Eastern,KCMH,2/8/16 7:51,37.9,35.5,97,29.63,7,SSW,3.5,0.03,Light Rain,FALSE,FALSE,FALSE,FALSE,FALSE,FALSE,FALSE,FALSE,FALSE,FALSE,FALSE,FALSE,FALSE,Day,Day,Day,Day
A-7,MapQuest,201,2,2/8/16 7:59,2/8/16 8:29,39.758274,-84.230507,0,0,0,Accident on Oakridge Dr at Woodward Ave. Expect delays.,376,N Woodward Ave,R,Dayton,Montgomery,OH,45417-2476,US,US/Eastern,KDAY,2/8/16 7:56,34,31,100,29.66,7,WSW,3.5,0,Overcast,FALSE,FALSE,FALSE,FALSE,FALSE,FALSE,FALSE,FALSE,FALSE,FALSE,FALSE,FALSE,FALSE,Day,Day,Day,Day
A-8,MapQuest,201,3,2/8/16 7:59,2/8/16 8:29,39.770382,-84.194901,0,0,0.01,Accident on I-75 Southbound at Exit 54B Grand Ave. Expect delays.,0,N Main St,R,Dayton,Montgomery,OH,45405,US,US/Eastern,KDAY,2/8/16 7:56,34,31,100,29.66,7,WSW,3.5,0,Overcast,FALSE,FALSE,FALSE,FALSE,FALSE,FALSE,FALSE,FALSE,FALSE,FALSE,FALSE,FALSE,FALSE,Day,Day,Day,Day
A-9,MapQuest,201,2,2/8/16 8:00,2/8/16 8:30,39.778061,-84.172005,0,0,0,Accident on Notre Dame Ave at Warner Ave. Expect delays.,99,Notre Dame Ave,L,Dayton,Montgomery,OH,45404-1923,US,US/Eastern,KFFO,2/8/16 7:58,33.3,0,99,29.67,5,SW,1.2,0,Mostly Cloudy,FALSE,FALSE,FALSE,FALSE,FALSE,FALSE,FALSE,FALSE,FALSE,FALSE,FALSE,FALSE,FALSE,Day,Day,Day,Day
A-10,MapQuest,201,3,2/8/16 8:10,2/8/16 8:40,40.10059,-82.925194,0,0,0.01,Right hand shoulder blocked due to accident on I-270 Outerbelt Westbound at Exit 29 OH-3 State St.,0,Westerville Rd,R,Westerville,Franklin,OH,43081,US,US/Eastern,KCMH,2/8/16 8:28,37.4,33.8,100,29.62,3,SSW,4.6,0.02,Light Rain,FALSE,FALSE,FALSE,FALSE,FALSE,FALSE,FALSE,FALSE,FALSE,FALSE,FALSE,FALSE,FALSE,Day,Day,Day,Day
A-11,MapQuest,201,3,2/8/16 8:14,2/8/16 8:44,39.952812,-83.119293,0,0,0.01,Accident on I-270 Outerbelt Northbound at Exits 7 7A 7B US-40 Broad St. Expect delays.,0,Outerbelt S,R,Columbus,Franklin,OH,43228,US,US/Eastern,KTZR,2/8/16 7:50,35.6,30.7,93,29.64,5,WNW,5.8,0,Rain,FALSE,FALSE,TRUE,FALSE,TRUE,FALSE,FALSE,FALSE,FALSE,FALSE,FALSE,FALSE,FALSE,Day,Day,Day,Day
A-12,MapQuest,241,3,2/8/16 8:21,2/8/16 8:51,39.932709,-82.83091,0,0,0.01,One lane blocked due to accident on I-70 Westbound at Exits 110 110A 110B Brice Rd. Expect delays.,0,I-70 E,R,Reynoldsburg,Franklin,OH,43068,US,US/Eastern,KCMH,2/8/16 8:28,37.4,33.8,100,29.62,3,SSW,4.6,0.02,Light Rain,FALSE,FALSE,FALSE,FALSE,FALSE,FALSE,FALSE,FALSE,FALSE,FALSE,FALSE,FALSE,FALSE,Day,Day,Day,Day
A-13,MapQuest,201,2,2/8/16 8:36,2/8/16 9:06,39.737633,-84.149933,0,0,0,Accident on Revere Ave at Watervliet Ave. Expect delays.,99,Watervliet Ave,R,Dayton,Montgomery,OH,45420-1863,US,US/Eastern,KFFO,2/8/16 8:28,33.8,0,100,29.63,3,SW,2.3,0,Overcast,FALSE,FALSE,FALSE,FALSE,FALSE,FALSE,FALSE,FALSE,FALSE,FALSE,FALSE,FALSE,FALSE,Day,Day,Day,Day
A-14,MapQuest,201,2,2/8/16 8:37,2/8/16 9:07,39.79076,-84.241547,0,0,0.01,Accident on Salem Ave at Hillcrest Ave / Kensington Dr. Expect delays.,3198,Salem Ave,L,Dayton,Montgomery,OH,45406-2708,US,US/Eastern,KDAY,2/8/16 8:56,36,31.1,89,29.65,10,NW,5.8,0,Mostly Cloudy,FALSE,FALSE,FALSE,FALSE,FALSE,FALSE,FALSE,FALSE,FALSE,FALSE,FALSE,TRUE,FALSE,Day,Day,Day,Day
A-15,MapQuest,201,2,2/8/16 8:39,2/8/16 9:09,39.972038,-82.913521,0,0,0.01,Accident on OH-16 Broad St at James Rd. Expect delays.,3280,E Broad St,L,Columbus,Franklin,OH,43213-1006,US,US/Eastern,KCMH,2/8/16 8:28,37.4,33.8,100,29.62,3,SSW,4.6,0.02,Light Rain,FALSE,FALSE,FALSE,FALSE,FALSE,FALSE,FALSE,FALSE,FALSE,FALSE,FALSE,TRUE,FALSE,Day,Day,Day,Day
A-16,MapQuest,201,2,2/8/16 8:43,2/8/16 9:13,39.745888,-84.17041,0,0,0.01,Accident on Wayne Ave at Glencoe Ave. Expect delays.,100,Glencoe Ave,R,Dayton,Montgomery,OH,45410-1721,US,US/Eastern,KFFO,2/8/16 8:28,33.8,0,100,29.63,3,SW,2.3,0,Overcast,FALSE,FALSE,FALSE,FALSE,FALSE,FALSE,FALSE,FALSE,FALSE,FALSE,FALSE,FALSE,FALSE,Day,Day,Day,Day
A-17,MapQuest,201,2,2/8/16 8:53,2/8/16 9:23,39.748329,-84.224007,0,0,0.01,Accident on James H McGee Blvd at US-35. Expect delays.,0,S James H McGee Blvd,R,Dayton,Montgomery,OH,45402,US,US/Eastern,KFFO,2/8/16 8:58,35.6,0,99,29.65,7,WSW,2.3,0,Mostly Cloudy,FALSE,FALSE,FALSE,FALSE,FALSE,FALSE,FALSE,FALSE,FALSE,FALSE,FALSE,FALSE,FALSE,Day,Day,Day,Day
A-18,MapQuest,201,2,2/8/16 9:24,2/8/16 9:54,39.752174,-84.239952,0,0,0,Accident on Delphos Ave at Brooklyn Ave. Expect delays.,3001,Delphos Ave,R,Dayton,Montgomery,OH,45417-1727,US,US/Eastern,KDAY,2/8/16 8:56,36,31.1,89,29.65,10,NW,5.8,0,Mostly Cloudy,FALSE,FALSE,FALSE,FALSE,FALSE,FALSE,FALSE,FALSE,FALSE,FALSE,FALSE,FALSE,FALSE,Day,Day,Day,Day
A-19,MapQuest,201,2,2/8/16 9:25,2/8/16 9:55,39.740669,-84.184135,0,0,0.01,Accident on Stewart St near Rubicon St. Expect delays.,440,Rubicon St,L,Dayton,Montgomery,OH,45409-2659,US,US/Eastern,KFFO,2/8/16 9:38,37.4,32.1,93,29.63,10,WSW,6.9,0,Overcast,FALSE,FALSE,TRUE,FALSE,FALSE,FALSE,FALSE,FALSE,FALSE,FALSE,FALSE,TRUE,FALSE,Day,Day,Day,Day
A-20,MapQuest,201,2,2/8/16 9:35,2/8/16 10:05,39.790703,-84.244461,0,0,0.01,Accident on Hillcrest Ave at Piccadilly Ave. Expect delays.,3499,W Hillcrest Ave,R,Dayton,Montgomery,OH,45406-2640,US,US/Eastern,KDAY,2/8/16 9:56,36,30.3,89,29.65,10,West,6.9,0,Mostly Cloudy,FALSE,FALSE,FALSE,FALSE,FALSE,FALSE,FALSE,FALSE,FALSE,FALSE,FALSE,FALSE,FALSE,Day,Day,Day,Day
A-21,MapQuest,201,2,2/8/16 10:11,2/8/16 10:41,40.052509,-82.882332,0,0,0,Accident on Brookhill Dr at Glenhurst Ct.,193,Brookhill Dr,R,Columbus,Franklin,OH,43230-1765,US,US/Eastern,KCMH,2/8/16 10:14,33.8,29.6,100,29.62,2,NNW,4.6,0.01,Light Snow,FALSE,FALSE,FALSE,FALSE,FALSE,FALSE,FALSE,FALSE,FALSE,FALSE,FALSE,FALSE,FALSE,Day,Day,Day,Day
A-22,MapQuest,201,2,2/8/16 10:24,2/8/16 10:54,39.773346,-84.224686,0,0,0,Accident on Princeton Dr at Catalpa Dr. Expect delays.,1391,Princeton Dr,R,Dayton,Montgomery,OH,45406-4736,US,US/Eastern,KDAY,2/8/16 9:56,36,30.3,89,29.65,10,West,6.9,0,Mostly Cloudy,FALSE,FALSE,FALSE,FALSE,FALSE,FALSE,FALSE,FALSE,FALSE,FALSE,FALSE,FALSE,FALSE,Day,Day,Day,Day
A-23,MapQuest,201,2,2/8/16 11:53,2/8/16 12:23,39.628288,-84.226151,0,0,0.01,Accident on OH-741 Springboro Pike at Lyons Rd. Expect delays.,0,Springboro Pike,R,Miamisburg,Montgomery,OH,45342,US,US/Eastern,KMGY,2/8/16 11:53,35.1,28.6,89,29.65,6,WSW,8.1,0.02,Overcast,FALSE,FALSE,FALSE,FALSE,FALSE,FALSE,FALSE,FALSE,FALSE,FALSE,FALSE,FALSE,FALSE,Day,Day,Day,Day
A-24,MapQuest,201,3,2/8/16 12:00,2/8/16 12:45,40.023487,-82.994888,0,0,0.01,Accident on I-71 Northbound at Exit 113 Silver Dr. On exit ramp.,0,North Fwy S,R,Columbus,Franklin,OH,43211,US,US/Eastern,KCMH,2/8/16 11:51,37,32.4,96,29.63,8,West,5.8,0,Overcast,FALSE,FALSE,FALSE,FALSE,FALSE,FALSE,FALSE,FALSE,FALSE,FALSE,FALSE,FALSE,FALSE,Day,Day,Day,Day
A-25,MapQuest,201,2,2/8/16 12:16,2/8/16 13:01,39.761379,-84.259216,0,0,0.01,Accident on Hoover Ave at Elmhurst Rd.,4401,Hoover Ave,R,Dayton,Montgomery,OH,45417-1117,US,US/Eastern,KDAY,2/8/16 12:20,37.9,30.9,76,29.62,10,WNW,10.4,0,Overcast,FALSE,FALSE,FALSE,FALSE,FALSE,FALSE,FALSE,FALSE,FALSE,FALSE,FALSE,TRUE,FALSE,Day,Day,Day,Day
A-26,MapQuest,201,2,2/8/16 12:41,2/8/16 13:11,40.158024,-82.641762,0,0,1.32,Accident on County Hwy-16 Sportsman Club Rd between Liberty Ridge Ct and Nichols Ln.,7849,Sportsman Club Rd,L,Johnstown,Licking,OH,43031-9133,US,US/Eastern,KCMH,2/8/16 12:51,37.9,34.4,100,29.6,5,West,4.6,0.01,Light Snow,FALSE,FALSE,FALSE,FALSE,FALSE,FALSE,FALSE,FALSE,FALSE,FALSE,FALSE,FALSE,FALSE,Day,Day,Day,Day
A-27,MapQuest,201,2,2/8/16 12:52,2/8/16 13:37,39.733219,-84.159653,0,0,0,Accident on Irving Ave at Wilmington Ave.,1240,Irving Ave,R,Dayton,Montgomery,OH,45419-4148,US,US/Eastern,KMGY,2/8/16 12:53,36,29,86,29.63,7,West,9.2,0,Light Snow,FALSE,FALSE,FALSE,FALSE,FALSE,FALSE,FALSE,FALSE,FALSE,FALSE,FALSE,TRUE,FALSE,Day,Day,Day,Day
A-28,MapQuest,201,2,2/8/16 14:24,2/8/16 15:09,39.775303,-84.200523,0,0,0,Accident on Helena St at OH-48 Main St.,1,W Helena St,R,Dayton,Montgomery,OH,45405-4326,US,US/Eastern,KDAY,2/8/16 13:56,39.9,32.9,70,29.61,10,WNW,11.5,0,Mostly Cloudy,FALSE,FALSE,FALSE,FALSE,FALSE,FALSE,FALSE,FALSE,FALSE,FALSE,FALSE,TRUE,FALSE,Day,Day,Day,Day
A-29,MapQuest,201,2,2/8/16 14:56,2/8/16 15:41,39.789322,-84.239105,0,0,0.01,Accident on Salem Ave at Litchfield Ave.,2198,Litchfield Ave,R,Dayton,Montgomery,OH,45406-2701,US,US/Eastern,KDAY,2/8/16 14:56,39.9,34.5,65,29.61,10,WNW,8.1,0,Mostly Cloudy,FALSE,FALSE,FALSE,FALSE,FALSE,FALSE,FALSE,FALSE,FALSE,FALSE,FALSE,FALSE,FALSE,Day,Day,Day,Day
A-30,MapQuest,201,2,2/8/16 15:26,2/8/16 16:11,39.75872,-84.183762,0,0,0,Accident on 4th St at Wayne Ave.,500,E 4th St,R,Dayton,Montgomery,OH,45402,US,US/Eastern,KFFO,2/8/16 15:46,39.2,35.9,75,29.62,10,NNE,4.6,0,Mostly Cloudy,FALSE,FALSE,FALSE,FALSE,FALSE,FALSE,FALSE,FALSE,FALSE,FALSE,FALSE,FALSE,FALSE,Day,Day,Day,Day
A-31,MapQuest,201,2,2/8/16 16:16,2/8/16 16:46,40.081459,-83.122398,0,0,0.01,Accident on Frantz Rd Southbound at Bradenton Ave.,5644,Frantz Rd,R,Dublin,Franklin,OH,43017-2552,US,US/Eastern,KOSU,2/8/16 15:53,37,31.6,89,29.61,10,West,6.9,0,Overcast,FALSE,FALSE,FALSE,FALSE,FALSE,FALSE,FALSE,FALSE,FALSE,FALSE,FALSE,TRUE,FALSE,Day,Day,Day,Day
A-32,MapQuest,201,2,2/8/16 17:39,2/8/16 18:24,39.83321,-84.112946,0,0,0,Accident on Powell Rd at Bellefontaine Rd. Approach with care.,5599,Bellefontaine Rd,L,Dayton,Montgomery,OH,45424-4132,US,US/Eastern,KFFO,2/8/16 17:58,34.2,31.2,97,29.66,10,NW,3.5,0.02,Light Rain,FALSE,FALSE,FALSE,FALSE,FALSE,FALSE,FALSE,FALSE,FALSE,FALSE,FALSE,FALSE,FALSE,Day,Day,Day,Day
A-33,MapQuest,201,3,2/8/16 18:24,2/8/16 21:00,40.042725,-82.997307,0,0,0.01,Left lane blocked due to accident on I-71 Southbound at Exit 115 Cooke Rd.,0,North Fwy S,R,Columbus,Franklin,OH,43224,US,US/Eastern,KCMH,2/8/16 18:43,33.8,28.6,100,29.62,6,South,5.8,0,Overcast,FALSE,FALSE,FALSE,FALSE,FALSE,FALSE,FALSE,FALSE,FALSE,FALSE,FALSE,FALSE,FALSE,Night,Day,Day,Day
A-34,MapQuest,201,3,2/8/16 19:28,2/8/16 21:00,39.974415,-82.848854,0,0,0.01,Right lane blocked due to accident on I-270 Outerbelt Northbound at Exit 39 OH-16 Broad St.,0,Outerbelt N,R,Columbus,Franklin,OH,43213,US,US/Eastern,KCMH,2/8/16 19:51,34,0,100,29.65,6,Calm,0,0.07,Overcast,FALSE,FALSE,FALSE,FALSE,FALSE,FALSE,FALSE,FALSE,FALSE,FALSE,FALSE,FALSE,FALSE,Night,Night,Night,Day
A-35,MapQuest,201,2,2/8/16 20:22,2/8/16 21:07,39.994766,-83.02449,0,0,0.01,Accident on OH-315 Olentangy Fwy Eastbound at Cannon Dr.,0,Olentangy Fwy N,R,Columbus,Franklin,OH,43212,US,US/Eastern,KOSU,2/8/16 20:27,33.1,26.1,92,29.63,7,WNW,8.1,0,Light Snow,FALSE,FALSE,FALSE,FALSE,FALSE,FALSE,FALSE,FALSE,FALSE,FALSE,FALSE,FALSE,FALSE,Night,Night,Night,Night
A-36,MapQuest,201,2,2/8/16 20:43,2/8/16 23:00,40.006477,-83.030991,0,0,1.09,Right lane blocked due to accident on OH-315 Olentangy Fwy Northbound between Cannon Dr and Lane Ave.,0,Olentangy Fwy S,R,Columbus,Franklin,OH,43210,US,US/Eastern,KOSU,2/8/16 20:39,33.1,25.5,92,29.63,9,WNW,9.2,0,Overcast,FALSE,FALSE,FALSE,FALSE,FALSE,FALSE,FALSE,FALSE,FALSE,FALSE,FALSE,TRUE,FALSE,Night,Night,Night,Night
A-37,MapQuest,201,2,2/9/16 4:28,2/9/16 4:58,39.742062,-84.186996,0,0,0.01,Accident on OH-48 Main St at Fairground Ave. Expect delays.,1126,S Main St,L,Dayton,Montgomery,OH,45409-2616,US,US/Eastern,KFFO,2/9/16 4:28,23,11.7,93,29.65,5,SW,11.5,0,Light Snow,FALSE,FALSE,FALSE,FALSE,FALSE,FALSE,FALSE,FALSE,FALSE,FALSE,FALSE,FALSE,FALSE,Night,Night,Night,Night
A-38,MapQuest,201,2,2/9/16 5:04,2/9/16 5:34,39.843521,-82.78157,0,0,0.01,Accident on US-33 Columbus Lancaster Rd Eastbound at County Hwy-18 Diley Rd. Expect delays.,0,Diley Rd,R,Canal Winchester,Fairfield,OH,43110,US,US/Eastern,KLCK,2/9/16 4:55,23,11.7,93,29.63,2.5,WSW,11.5,0,Light Snow,FALSE,FALSE,FALSE,FALSE,TRUE,FALSE,FALSE,FALSE,FALSE,FALSE,FALSE,FALSE,FALSE,Night,Night,Night,Night
A-39,MapQuest,201,2,2/9/16 5:17,2/9/16 5:47,39.782578,-84.178688,0,0,0.01,Accident on Leo St at Kiser St. Expect delays.,898,Kiser St,R,Dayton,Montgomery,OH,45404-1672,US,US/Eastern,KFFO,2/9/16 4:58,22.8,11.5,89,29.69,4,SW,11.5,0,Light Snow,FALSE,FALSE,FALSE,FALSE,FALSE,FALSE,FALSE,FALSE,FALSE,FALSE,FALSE,FALSE,FALSE,Night,Night,Night,Night
A-40,MapQuest,201,3,2/9/16 5:27,2/9/16 5:57,40.007626,-82.912155,0,0,0.01,Accident on I-670 Northeast Fwy Eastbound near I-270 Outerbelt Exits 35A 35B. Expect delays.,1728,Stelzer Rd,R,Columbus,Franklin,OH,43219-3504,US,US/Eastern,KCMH,2/9/16 5:27,26.6,18.2,86,29.62,1.5,West,8.1,0.01,Light Snow,FALSE,FALSE,FALSE,FALSE,FALSE,FALSE,FALSE,FALSE,FALSE,FALSE,FALSE,FALSE,FALSE,Night,Night,Night,Night
A-41,MapQuest,201,2,2/9/16 5:40,2/9/16 6:10,39.447502,-84.191208,0,0,0,Accident on Monroe Rd near Shaker Run Rd. Expect delays.,0,Monroe Rd,R,Lebanon,Warren,OH,45036,US,US/Eastern,KMGY,2/9/16 5:45,21,10.6,85,29.67,0.8,SW,9.2,0.01,Light Snow,FALSE,FALSE,FALSE,FALSE,FALSE,FALSE,FALSE,FALSE,FALSE,FALSE,FALSE,FALSE,FALSE,Night,Night,Night,Night
A-42,MapQuest,201,2,2/9/16 5:47,2/9/16 6:17,39.787731,-84.173439,0,0,0.01,Accident on Stanley Ave at Kuntz Rd.,1298,Air City Ave,R,Dayton,Montgomery,OH,45404-1255,US,US/Eastern,KFFO,2/9/16 5:58,23,12.4,86,29.71,3,SW,10.4,0,Light Snow,FALSE,FALSE,TRUE,FALSE,FALSE,FALSE,FALSE,FALSE,FALSE,FALSE,FALSE,TRUE,FALSE,Night,Night,Night,Night
A-43,MapQuest,201,2,2/9/16 5:56,2/9/16 6:26,39.426277,-83.624611,0,0,0.01,Accident on OH-72 State Route 72 Northbound at Point Isabel Rd.,4513,S State Route 72,R,Sabina,Clinton,OH,45169,US,US/Eastern,KILN,2/9/16 5:54,19.9,6.7,89,29.75,1.8,WSW,13.8,0,Light Snow,FALSE,FALSE,FALSE,FALSE,FALSE,FALSE,FALSE,FALSE,FALSE,FALSE,FALSE,FALSE,FALSE,Night,Night,Night,Night
A-44,MapQuest,201,3,2/9/16 6:06,2/9/16 6:36,39.978306,-82.852554,0,0,0.01,Accident on I-270 Outerbelt near Exit 39 OH-16 Broad St.,0,E Broad St,R,Columbus,Franklin,OH,43213,US,US/Eastern,KCMH,2/9/16 5:51,25,15.5,88,29.65,1,SW,9.2,0.02,Light Snow,FALSE,FALSE,FALSE,FALSE,TRUE,FALSE,FALSE,FALSE,FALSE,FALSE,FALSE,FALSE,FALSE,Night,Night,Night,Day
A-45,MapQuest,201,3,2/9/16 6:13,2/9/16 6:43,39.84182,-84.189606,0,0,0.01,Accident on I-75 Northbound at Exit 59 Wyse Rd. Expect delays.,0,Benchwood Rd,R,Dayton,Montgomery,OH,45414,US,US/Eastern,KDAY,2/9/16 6:03,23,10.1,88,29.66,2,West,15,0,Light Snow,FALSE,FALSE,FALSE,FALSE,FALSE,FALSE,FALSE,FALSE,FALSE,FALSE,FALSE,TRUE,FALSE,Night,Night,Night,Day
A-46,MapQuest,201,3,2/9/16 6:12,2/9/16 6:42,39.953625,-82.958954,0,0,0.01,Accident on I-70 Eastbound at Exit 102 Kelton Ave. Expect delays.,0,East Fwy W,R,Columbus,Franklin,OH,43205,US,US/Eastern,KCMH,2/9/16 5:51,25,15.5,88,29.65,1,SW,9.2,0.02,Light Snow,FALSE,FALSE,FALSE,FALSE,FALSE,FALSE,FALSE,FALSE,FALSE,FALSE,FALSE,FALSE,FALSE,Night,Night,Night,Day
A-47,MapQuest,201,2,2/9/16 6:21,2/9/16 6:51,40.053082,-83.049644,0,0,0.01,Accident on Kenny Rd at Henderson Rd. Expect delays.,0,Kenny Rd,R,Columbus,Franklin,OH,43220,US,US/Eastern,KOSU,2/9/16 6:22,26.1,15,84,29.63,2,West,12.7,0,Light Snow,FALSE,FALSE,FALSE,FALSE,FALSE,FALSE,FALSE,FALSE,FALSE,FALSE,FALSE,TRUE,FALSE,Night,Night,Night,Day
A-48,MapQuest,201,3,2/9/16 6:20,2/9/16 6:50,39.936874,-82.878723,0,0,0.01,Right hand shoulder blocked due to accident on I-70 Westbound at Exits 107 107A 107B OH-317 Hamilton Rd.,0,S Hamilton Rd,R,Columbus,Franklin,OH,43232,US,US/Eastern,KCMH,2/9/16 6:36,24.8,16.1,86,29.64,1,SW,8.1,0.01,Light Snow,FALSE,FALSE,FALSE,FALSE,FALSE,FALSE,FALSE,FALSE,FALSE,FALSE,FALSE,FALSE,FALSE,Night,Night,Night,Day
A-49,MapQuest,201,2,2/9/16 6:34,2/9/16 7:04,39.780643,-84.16349,0,0,0.01,Accident on Stanley Ave at OH-201 Brandt St. Expect delays.,0,Brandt St,R,Dayton,Montgomery,OH,45404,US,US/Eastern,KFFO,2/9/16 6:51,23,11.7,86,29.68,4,SW,11.5,0,Light Snow,FALSE,FALSE,FALSE,FALSE,FALSE,FALSE,FALSE,FALSE,FALSE,FALSE,FALSE,TRUE,FALSE,Night,Night,Night,Day
A-50,MapQuest,201,3,2/9/16 6:41,2/9/16 7:11,39.773193,-84.187454,0,0,0.01,Accident on I-75 Northbound at Exits 54A 54B OH-4. Expect delays.,0,I-75 S,R,Dayton,Montgomery,OH,45404,US,US/Eastern,KFFO,2/9/16 6:51,23,11.7,86,29.68,4,SW,11.5,0,Light Snow,FALSE,FALSE,FALSE,FALSE,FALSE,FALSE,FALSE,FALSE,FALSE,FALSE,FALSE,FALSE,FALSE,Night,Night,Day,Day
A-51,MapQuest,201,2,2/9/16 6:48,2/9/16 7:18,39.77858,-84.204681,0,0,0.01,Accident on OH-48 Main St at Burton Ave. Expect delays.,1625,N Main St,L,Dayton,Montgomery,OH,45405-4141,US,US/Eastern,KDAY,2/9/16 6:56,21.9,9.8,92,29.71,2,WSW,12.7,0.01,Light Snow,FALSE,FALSE,FALSE,FALSE,FALSE,FALSE,FALSE,FALSE,FALSE,FALSE,FALSE,FALSE,FALSE,Night,Night,Day,Day
A-52,MapQuest,201,2,2/9/16 6:53,2/9/16 7:23,39.792988,-84.20607,0,0,0.01,Accident on Riverside Dr at Pointview Ave. Expect delays.,2992,Riverside Dr,R,Dayton,Montgomery,OH,45405,US,US/Eastern,KDAY,2/9/16 6:56,21.9,9.8,92,29.71,2,WSW,12.7,0.01,Light Snow,FALSE,FALSE,FALSE,FALSE,FALSE,FALSE,FALSE,FALSE,FALSE,FALSE,FALSE,FALSE,FALSE,Night,Night,Day,Day
A-53,MapQuest,201,3,2/9/16 6:54,2/9/16 7:24,39.770382,-84.194901,0,0,0.01,Accident on I-75 Northbound at Exit 54B Grand Ave. Expect delays.,0,N Main St,R,Dayton,Montgomery,OH,45405,US,US/Eastern,KDAY,2/9/16 6:56,21.9,9.8,92,29.71,2,WSW,12.7,0.01,Light Snow,FALSE,FALSE,FALSE,FALSE,FALSE,FALSE,FALSE,FALSE,FALSE,FALSE,FALSE,FALSE,FALSE,Night,Night,Day,Day
A-54,MapQuest,201,3,2/9/16 7:03,2/9/16 7:33,39.976398,-83.119225,0,0,0.01,Accident on I-70 Eastbound at Exits 93 93A 93B I-270 Outerbelt. Expect delays.,0,Outerbelt S,R,Columbus,Franklin,OH,43204,US,US/Eastern,KTZR,2/9/16 7:20,21.2,8.3,93,29.66,1.5,WSW,13.8,0,Light Snow,FALSE,FALSE,FALSE,FALSE,FALSE,FALSE,FALSE,FALSE,FALSE,FALSE,FALSE,FALSE,FALSE,Night,Day,Day,Day
A-55,MapQuest,201,3,2/9/16 7:05,2/9/16 7:35,39.6395,-84.231361,0,0,0.01,Accident on I-75 Southbound at Exit 44 OH-725 Miamisburg Centerville Rd. Expect delays.,0,Miamisburg Centerville Rd,R,Dayton,Montgomery,OH,45449,US,US/Eastern,KMGY,2/9/16 7:12,21,10.6,85,29.69,1.2,WSW,9.2,0,Light Snow,FALSE,FALSE,FALSE,FALSE,FALSE,FALSE,FALSE,FALSE,FALSE,FALSE,FALSE,FALSE,FALSE,Night,Night,Day,Day
A-56,MapQuest,201,2,2/9/16 7:04,2/9/16 7:34,39.232578,-84.159286,0,0,0.01,Accident on OH-28 State Route 28 at Wood St. Expect delays.,4641,Wood St,R,Goshen,Clermont,OH,45122,US,US/Eastern,KI69,2/9/16 6:56,21,10.6,93,29.73,2.5,WSW,9.2,0,Light Snow,FALSE,FALSE,FALSE,FALSE,FALSE,FALSE,FALSE,FALSE,FALSE,FALSE,FALSE,FALSE,FALSE,Night,Night,Day,Day
A-57,MapQuest,201,2,2/9/16 7:15,2/9/16 7:45,39.746593,-84.23912,0,0,0.01,Accident on McCall St at Abbey Ave. Expect delays.,400,Dearborn Ave,L,Dayton,Montgomery,OH,45417-2002,US,US/Eastern,KDAY,2/9/16 7:08,21.9,9.8,92,29.68,2,WSW,12.7,0,Light Snow,FALSE,FALSE,FALSE,FALSE,FALSE,FALSE,FALSE,FALSE,FALSE,FALSE,FALSE,TRUE,FALSE,Night,Day,Day,Day
A-58,MapQuest,201,2,2/9/16 7:41,2/9/16 8:11,39.742783,-84.182472,0,0,0.01,Accident on Brown St at Fairground Ave. Expect delays.,1129,Brown St,R,Dayton,Montgomery,OH,45409-2602,US,US/Eastern,KFFO,2/9/16 7:58,22.5,12.4,90,29.73,1.2,SW,9.2,0,Light Snow,TRUE,FALSE,FALSE,FALSE,FALSE,FALSE,FALSE,FALSE,FALSE,FALSE,FALSE,FALSE,FALSE,Day,Day,Day,Day
A-59,MapQuest,201,2,2/9/16 7:42,2/9/16 8:12,39.75452,-84.159279,0,0,0.01,Accident on US-35 Eastbound at Steve Whalen Blvd. Expect delays.,0,US-35 E,R,Dayton,Montgomery,OH,45410,US,US/Eastern,KFFO,2/9/16 7:58,22.5,12.4,90,29.73,1.2,SW,9.2,0,Light Snow,FALSE,FALSE,FALSE,FALSE,FALSE,FALSE,FALSE,FALSE,FALSE,FALSE,FALSE,FALSE,FALSE,Day,Day,Day,Day
A-60,MapQuest,201,2,2/9/16 7:42,2/9/16 8:12,39.749916,-84.139359,0,0,0.01,Accident on US-35 Eastbound at Smithville Rd. Expect delays.,0,US-35 E,R,Dayton,Montgomery,OH,45410,US,US/Eastern,KFFO,2/9/16 7:58,22.5,12.4,90,29.73,1.2,SW,9.2,0,Light Snow,FALSE,FALSE,FALSE,FALSE,FALSE,FALSE,FALSE,FALSE,FALSE,FALSE,FALSE,FALSE,FALSE,Day,Day,Day,Day
A-61,MapQuest,201,3,2/9/16 7:46,2/9/16 8:16,40.100903,-82.984108,0,0,0.01,Accident on I-270 Outerbelt Southbound at Exit 26 I-71.,0,North Fwy S,R,Columbus,Franklin,OH,43229,US,US/Eastern,KOSU,2/9/16 7:50,24.8,16.1,86,29.65,1.8,West,8.1,0,Light Snow,FALSE,FALSE,FALSE,FALSE,FALSE,FALSE,FALSE,FALSE,FALSE,FALSE,FALSE,FALSE,FALSE,Day,Day,Day,Day
A-62,MapQuest,201,2,2/9/16 7:54,2/9/16 8:24,39.772808,-84.201851,0,0,0,Accident on 5 Oaks Ave at Forest Ave. Expect delays.,151,5 Oaks Ave,R,Dayton,Montgomery,OH,45405-4432,US,US/Eastern,KDAY,2/9/16 7:54,21.2,8.9,93,29.69,2,West,12.7,0,Light Snow,FALSE,FALSE,FALSE,FALSE,FALSE,FALSE,FALSE,FALSE,FALSE,FALSE,FALSE,FALSE,FALSE,Day,Day,Day,Day
A-63,MapQuest,201,2,2/9/16 8:06,2/9/16 8:36,39.492485,-84.131798,0,0,0.01,Accident on US-42 State Route 42 at Middletown Rd. Expect delays.,4019,N State Route 42,R,Waynesville,Warren,OH,45068-9388,US,US/Eastern,KMGY,2/9/16 8:14,21,10.6,81,29.7,1.2,WSW,9.2,0,Light Snow,FALSE,FALSE,FALSE,FALSE,FALSE,FALSE,FALSE,FALSE,FALSE,FALSE,FALSE,FALSE,FALSE,Day,Day,Day,Day
A-64,MapQuest,201,2,2/9/16 8:12,2/9/16 8:42,39.570904,-84.251724,0,0,0.01,Accident on County Hwy-119 Clearcreek Rd near Tamarack Trl. Expect delays.,8875,Clearcreek Rd,R,Springboro,Warren,OH,45066-9716,US,US/Eastern,KMGY,2/9/16 8:14,21,10.6,81,29.7,1.2,WSW,9.2,0,Light Snow,FALSE,FALSE,FALSE,FALSE,FALSE,FALSE,FALSE,FALSE,FALSE,FALSE,FALSE,FALSE,FALSE,Day,Day,Day,Day
A-65,MapQuest,201,2,2/9/16 8:10,2/9/16 8:40,39.834282,-82.74382,0,0,0,Accident on US-33 Columbus Lancaster Rd Westbound near County Hwy-20 Pickerington Rd. Expect delays.,0,Columbus Lancaster Rd NW,R,Carroll,Fairfield,OH,43112,US,US/Eastern,KLHQ,2/9/16 7:50,21.9,10.4,85,29.7,0.8,SW,11.5,0,Light Snow,FALSE,FALSE,FALSE,FALSE,FALSE,FALSE,FALSE,FALSE,FALSE,FALSE,FALSE,FALSE,FALSE,Day,Day,Day,Day
A-66,MapQuest,201,3,2/9/16 8:23,2/9/16 8:53,39.622787,-84.229858,0,0,0.01,Accident on I-75 Southbound at I-675. Expect delays.,0,I-75 N,R,Miamisburg,Montgomery,OH,45342,US,US/Eastern,KMGY,2/9/16 8:14,21,10.6,81,29.7,1.2,WSW,9.2,0,Light Snow,FALSE,FALSE,FALSE,FALSE,FALSE,FALSE,FALSE,FALSE,FALSE,FALSE,FALSE,FALSE,FALSE,Day,Day,Day,Day
A-67,MapQuest,201,3,2/9/16 8:24,2/9/16 8:54,39.429871,-84.079666,0,0,0.01,Right hand shoulder blocked due to accident on I-71 Southbound at Exit 36 County Hwy-7 Wilmington Rd.,0,Wilmington Rd,R,Oregonia,Warren,OH,45054,US,US/Eastern,KMGY,2/9/16 8:14,21,10.6,81,29.7,1.2,WSW,9.2,0,Light Snow,FALSE,FALSE,FALSE,FALSE,FALSE,FALSE,FALSE,FALSE,FALSE,FALSE,FALSE,FALSE,FALSE,Day,Day,Day,Day
A-68,MapQuest,201,3,2/9/16 8:20,2/9/16 8:50,41.407391,-81.646767,0,0,0.01,Accident on I-480 Westbound at Exit 20A-B I-77. Expect delays.,0,Outerbelt South Fwy W,R,Independence,Cuyahoga,OH,44131,US,US/Eastern,KBKL,2/9/16 8:28,32,22.5,82,29.58,10,WSW,12.7,0,Overcast,FALSE,FALSE,FALSE,FALSE,FALSE,FALSE,FALSE,FALSE,FALSE,FALSE,FALSE,FALSE,FALSE,Day,Day,Day,Day
A-69,MapQuest,201,3,2/9/16 8:35,2/9/16 9:05,41.424404,-81.578674,0,0,0.01,Accident on I-480 Eastbound at Exit 23 OH-14 Broadway Ave.,0,I-480 E,R,Maple Heights,Cuyahoga,OH,44137,US,US/Eastern,KBKL,2/9/16 8:28,32,22.5,82,29.58,10,WSW,12.7,0,Overcast,FALSE,FALSE,FALSE,FALSE,FALSE,FALSE,FALSE,FALSE,FALSE,FALSE,FALSE,FALSE,FALSE,Day,Day,Day,Day
A-70,MapQuest,241,3,2/9/16 10:06,2/9/16 10:36,39.89217,-83.039169,0,0,0.01,One lane blocked due to accident on I-270 Outerbelt Westbound at Exit 55 I-71.,0,I-71 S,R,Grove City,Franklin,OH,43123,US,US/Eastern,KTZR,2/9/16 9:50,21.2,9.5,93,29.69,5,WSW,11.5,0,Overcast,FALSE,FALSE,FALSE,FALSE,FALSE,FALSE,FALSE,FALSE,FALSE,FALSE,FALSE,FALSE,FALSE,Day,Day,Day,Day
A-71,MapQuest,241,2,2/9/16 11:09,2/9/16 11:39,41.022358,-83.650345,0,0,0.01,One lane blocked due to accident on Main St Southbound at Lake Cascade Pkwy.,1500,S Main St,L,Findlay,Hancock,OH,45840-1319,US,US/Eastern,KFDY,2/9/16 11:04,27,13.5,81,29.64,2.5,WSW,19.6,0,Light Snow,FALSE,FALSE,TRUE,FALSE,FALSE,FALSE,FALSE,FALSE,FALSE,FALSE,FALSE,TRUE,FALSE,Day,Day,Day,Day
A-72,MapQuest,201,2,2/10/16 6:18,2/10/16 6:48,39.206806,-84.053253,0,0,0,Accident on Short Leuders Rd at OH-133 State Route 133. Expect delays.,3199,Short Leuders Rd,R,Goshen,Clermont,OH,45122,US,US/Eastern,KI69,2/10/16 6:16,16.2,4.7,81,29.95,5,West,9.2,0,Light Snow,FALSE,FALSE,FALSE,FALSE,FALSE,FALSE,FALSE,FALSE,FALSE,FALSE,FALSE,FALSE,FALSE,Night,Night,Night,Day
A-73,MapQuest,241,3,2/10/16 6:06,2/10/16 9:06,39.973797,-83.022285,0,0,0.01,One lane blocked due to accident on OH-315 Olentangy Fwy Northbound at Goodale St.,708,Twin Rivers Dr,L,Columbus,Franklin,OH,43215,US,US/Eastern,KCMH,2/10/16 6:19,15.8,2.7,73,29.87,4,WSW,11.5,0,Light Snow,FALSE,FALSE,FALSE,FALSE,FALSE,FALSE,FALSE,FALSE,FALSE,FALSE,FALSE,FALSE,FALSE,Night,Night,Night,Day
A-74,MapQuest,201,2,2/10/16 6:24,2/10/16 6:54,40.048008,-82.86422,0,0,0,Accident on Vista Dr at Hamilton Rd.,4464,N Hamilton Rd,R,Columbus,Franklin,OH,43230,US,US/Eastern,KCMH,2/10/16 6:19,15.8,2.7,73,29.87,4,WSW,11.5,0,Light Snow,FALSE,FALSE,FALSE,FALSE,FALSE,FALSE,FALSE,FALSE,FALSE,FALSE,FALSE,FALSE,FALSE,Night,Night,Night,Day
A-75,MapQuest,201,2,2/10/16 6:53,2/10/16 7:23,39.814526,-84.021744,0,0,0.01,Accident on OH-444 Central Ave at Kauffman Ave. Expect delays.,0,S Central Ave,R,Fairborn,Greene,OH,45324,US,US/Eastern,KFFO,2/10/16 6:58,15.4,1,82,29.95,7,SW,13.8,0,Light Snow,FALSE,FALSE,TRUE,FALSE,FALSE,FALSE,TRUE,FALSE,FALSE,FALSE,FALSE,FALSE,FALSE,Night,Night,Day,Day
A-76,MapQuest,201,3,2/10/16 7:50,2/10/16 8:20,40.151196,-84.220032,0,0,0.01,Accident on I-75 Northbound at Exit 82 US-36 Ash St. Expect delays.,0,E Ash St,R,Piqua,Miami,OH,45356,US,US/Eastern,KVES,2/10/16 7:55,14,-1.4,93,29.89,7,West,15,0,Light Snow,FALSE,FALSE,FALSE,FALSE,FALSE,FALSE,FALSE,FALSE,FALSE,FALSE,FALSE,FALSE,FALSE,Day,Day,Day,Day
A-77,MapQuest,201,3,2/10/16 7:50,2/10/16 8:20,39.954617,-82.844238,0,0,0.01,Accident on I-270 Outerbelt Eastbound at Exit 43A-B/41A-B US-40 Main St. Expect delays.,0,Outerbelt N,R,Columbus,Franklin,OH,43232,US,US/Eastern,KCMH,2/10/16 7:51,15.1,4.2,77,29.92,1,SW,8.1,0.01,Light Snow,FALSE,FALSE,FALSE,FALSE,FALSE,FALSE,FALSE,FALSE,FALSE,FALSE,FALSE,FALSE,FALSE,Day,Day,Day,Day
A-78,MapQuest,247,2,2/10/16 8:01,2/10/16 8:31,38.990551,-84.207497,0,0,0.01,Delays due to accident on Lindale Mount Holly Rd at Lindale Nicholsville Rd.,1725,Lindale Nicholsville Rd,R,New Richmond,Clermont,OH,45157-9006,US,US/Eastern,KI69,2/10/16 7:56,15.8,6.1,88,29.96,1.8,West,6.9,0,Light Snow,FALSE,FALSE,FALSE,FALSE,FALSE,FALSE,FALSE,FALSE,FALSE,FALSE,FALSE,FALSE,FALSE,Day,Day,Day,Day
A-79,MapQuest,201,2,2/10/16 8:08,2/10/16 8:38,40.008995,-83.002678,0,0,0,Accident on Indianola Ave at Oakland Ave. Expect delays.,2247,Indianola Ave,L,Columbus,Franklin,OH,43202-3023,US,US/Eastern,KOSU,2/10/16 7:53,16,1.7,81,29.91,1.5,WSW,13.8,0,Light Snow,FALSE,FALSE,FALSE,FALSE,FALSE,FALSE,FALSE,FALSE,FALSE,FALSE,FALSE,FALSE,FALSE,Day,Day,Day,Day
A-80,MapQuest,201,2,2/10/16 8:11,2/10/16 8:41,39.077332,-84.225014,0,0,0,Accident on Lake Allyn Rd at Amelia Olive Branch Rd.,1498,Lake Allyn Rd,L,Batavia,Clermont,OH,45103-8992,US,US/Eastern,KI69,2/10/16 8:16,15.8,2.7,84,29.97,4,West,11.5,0,Light Snow,FALSE,FALSE,FALSE,FALSE,FALSE,FALSE,FALSE,FALSE,FALSE,FALSE,FALSE,FALSE,FALSE,Day,Day,Day,Day
A-81,MapQuest,201,2,2/10/16 8:50,2/10/16 9:20,39.955452,-82.795845,0,0,0.01,Accident on US-40 Main St Eastbound at Cypress Aly.,7575,E Main St,R,Reynoldsburg,Franklin,OH,43068-1207,US,US/Eastern,KCMH,2/10/16 8:51,16,4.4,77,29.93,1,WSW,9.2,0,Light Snow,FALSE,FALSE,FALSE,FALSE,FALSE,FALSE,FALSE,FALSE,TRUE,FALSE,FALSE,FALSE,FALSE,Day,Day,Day,Day
A-82,MapQuest,201,3,2/10/16 9:03,2/10/16 9:33,40.224586,-82.929085,0,0,0.01,Accident on I-71 Northbound at Rest Stop North.,0,North Fwy N,R,Galena,Delaware,OH,43021,US,US/Eastern,KDLZ,2/10/16 8:55,17.6,5,79,29.87,3,West,11.5,0,Haze,FALSE,FALSE,FALSE,FALSE,FALSE,FALSE,FALSE,FALSE,FALSE,FALSE,FALSE,FALSE,FALSE,Day,Day,Day,Day
A-83,MapQuest,201,3,2/10/16 9:42,2/10/16 10:12,39.976398,-83.119225,0,0,0.01,Accident on I-270 Outerbelt Southbound at I-70 Exits 93 93A 93B. Expect delays.,0,Outerbelt S,R,Columbus,Franklin,OH,43204,US,US/Eastern,KTZR,2/10/16 9:50,15.8,3.4,79,29.91,1.5,West,10.4,0,Light Snow,FALSE,FALSE,FALSE,FALSE,FALSE,FALSE,FALSE,FALSE,FALSE,FALSE,FALSE,FALSE,FALSE,Day,Day,Day,Day
A-84,MapQuest,241,3,2/10/16 10:38,2/10/16 11:08,39.985603,-82.939247,0,0,0.01,One lane blocked due to accident on I-670 Eastbound at Exit 7 US-62. Expect delays.,0,E 5th Ave,R,Columbus,Franklin,OH,43219,US,US/Eastern,KCMH,2/10/16 10:51,17.1,3,77,29.96,1.5,West,13.8,0,Light Snow,FALSE,FALSE,FALSE,FALSE,FALSE,FALSE,FALSE,FALSE,FALSE,FALSE,FALSE,FALSE,FALSE,Day,Day,Day,Day
A-85,MapQuest,201,3,2/10/16 17:10,2/10/16 23:59,41.040714,-81.613144,0,0,0.01,Left lane blocked due to accident on I-76 Westbound at Exit 16 Barber Rd.,0,US-224 W,R,Barberton,Summit,OH,44203,US,US/Eastern,KAKR,2/10/16 16:54,19.9,8.6,81,29.89,1,WNW,10.4,0,Light Snow,FALSE,FALSE,FALSE,FALSE,TRUE,FALSE,FALSE,FALSE,FALSE,FALSE,FALSE,FALSE,FALSE,Day,Day,Day,Day
A-86,MapQuest,201,3,2/10/16 18:09,2/10/16 23:59,41.083679,-81.579002,0,0,1.28,Left lane blocked due to accident on I-77 Northbound between Exit 130 OH-261 Vernon Odom Blvd and Exit 131 OH-162 Copley Rd.,1591,Copley Rd,L,Akron,Summit,OH,44320-2561,US,US/Eastern,KAKR,2/10/16 18:10,19.9,7.3,78,29.87,4,WNW,12.7,0,Light Snow,FALSE,FALSE,FALSE,FALSE,FALSE,FALSE,FALSE,FALSE,FALSE,FALSE,FALSE,FALSE,FALSE,Night,Day,Day,Day
A-87,MapQuest,201,3,2/10/16 18:41,2/10/16 19:11,40.766891,-82.42411,0,0,0.01,Accident on I-71 Northbound in Crimson. Approach with care.,0,I-71 N,R,Mansfield,Richland,OH,44903,US,US/Eastern,KMFD,2/10/16 18:52,16,2.9,77,29.97,7,WSW,11.5,0,Overcast,FALSE,FALSE,FALSE,FALSE,FALSE,FALSE,FALSE,FALSE,FALSE,FALSE,FALSE,FALSE,FALSE,Night,Night,Day,Day
A-88,MapQuest,201,3,2/11/16 5:32,2/11/16 6:02,41.422199,-81.843018,0,0,0.01,Accident on I-480 Westbound at Exit 9 OH-17 Brookpark Rd. Expect delays.,0,Grayton Rd,R,Cleveland,Cuyahoga,OH,44135,US,US/Eastern,KCLE,2/11/16 5:51,14,0.5,56,30.14,9,NW,11.5,0,Light Snow,FALSE,FALSE,FALSE,FALSE,TRUE,FALSE,FALSE,FALSE,FALSE,FALSE,FALSE,FALSE,FALSE,Night,Night,Night,Night
A-89,MapQuest,201,3,2/11/16 5:30,2/11/16 6:00,41.063995,-81.572945,0,0,0.01,Accident on I-77 Southbound at Exit 130 OH-261 Vernon Odom Blvd. Expect delays.,1430,Vernon Odom Blvd,L,Akron,Summit,OH,44320-4026,US,US/Eastern,KAKR,2/11/16 5:30,14,1.2,74,30.03,4,NW,10.4,0,Light Snow,FALSE,FALSE,FALSE,FALSE,FALSE,FALSE,FALSE,FALSE,FALSE,FALSE,FALSE,FALSE,FALSE,Night,Night,Night,Night
A-90,MapQuest,201,2,2/11/16 6:10,2/11/16 6:40,39.747753,-84.205582,0,0,0.01,Accident on US-35 Eastbound at I-75. Expect delays.,0,I-75 S,R,Dayton,Montgomery,OH,45417,US,US/Eastern,KDAY,2/11/16 5:56,7,-5.7,87,30.22,10,West,8.1,0,Scattered Clouds,FALSE,FALSE,FALSE,FALSE,FALSE,FALSE,FALSE,FALSE,FALSE,FALSE,FALSE,FALSE,FALSE,Night,Night,Night,Day
A-91,MapQuest,201,2,2/11/16 6:20,2/11/16 6:50,38.99408,-84.142021,0,0,0.01,Accident on OH-125 State Route 125 at Bantam Rd. Expect delays.,3108,S Bantam Rd,L,Bethel,Clermont,OH,45106-9354,US,US/Eastern,KI69,2/11/16 6:16,15.4,0,70,30.18,10,Calm,0,0,Overcast,FALSE,FALSE,FALSE,FALSE,FALSE,FALSE,FALSE,FALSE,FALSE,TRUE,FALSE,FALSE,FALSE,Night,Night,Night,Day
A-92,MapQuest,201,3,2/11/16 6:29,2/11/16 21:00,41.420818,-81.694008,0,0,0.01,Accident on I-480 Eastbound at Exit 16 OH-94 State Rd. Expect delays.,0,I-480 E,R,Cleveland,Cuyahoga,OH,44109,US,US/Eastern,KBKL,2/11/16 6:53,17.1,-0.3,59,30.12,10,NW,21.9,0,Overcast,FALSE,FALSE,FALSE,FALSE,FALSE,FALSE,FALSE,FALSE,FALSE,FALSE,FALSE,FALSE,FALSE,Night,Night,Day,Day
A-93,MapQuest,201,2,2/11/16 7:17,2/11/16 7:47,40.030342,-83.030197,0,0,0.01,Accident on North Broadway St at OH-315 Olentangy Fwy Exits 6 6A-B-C. Expect delays.,0,Olentangy River Rd,R,Columbus,Franklin,OH,43202,US,US/Eastern,KOSU,2/11/16 6:53,6.1,-6.8,83,30.22,10,West,8.1,0,Partly Cloudy,FALSE,FALSE,TRUE,FALSE,FALSE,FALSE,FALSE,FALSE,FALSE,FALSE,FALSE,TRUE,FALSE,Night,Day,Day,Day
A-94,MapQuest,201,2,2/11/16 7:18,2/11/16 7:48,39.858089,-82.827904,0,0,0.01,Accident on US-33 Columbus Lancaster Rd at OH-674 Gender Rd. Expect delays.,0,Gender Rd,R,Canal Winchester,Franklin,OH,43110,US,US/Eastern,KLCK,2/11/16 7:15,5,-2.1,81,30.2,10,SW,3.5,0,Clear,FALSE,FALSE,FALSE,FALSE,FALSE,FALSE,FALSE,FALSE,FALSE,FALSE,FALSE,FALSE,FALSE,Night,Day,Day,Day
A-95,MapQuest,201,3,2/11/16 7:21,2/11/16 7:51,41.112324,-81.609924,0,0,0.01,Accident on I-77 Northbound at Exit 133 Ridgewood Rd. Expect delays.,0,I-77 S,R,Akron,Summit,OH,44321,US,US/Eastern,KAKR,2/11/16 7:28,12,0.5,80,30.08,2,West,8.1,0,Light Snow,FALSE,FALSE,FALSE,FALSE,FALSE,FALSE,FALSE,FALSE,FALSE,FALSE,FALSE,FALSE,FALSE,Night,Day,Day,Day
A-96,MapQuest,201,2,2/11/16 7:28,2/11/16 7:58,39.994061,-82.729416,0,0,0.01,Accident on OH-16 Broad St at County Hwy-41 Mink St. Expect delays.,6686,Mink St SW,L,Pataskala,Licking,OH,43062-9413,US,US/Eastern,KVTA,2/11/16 7:54,7,0,77,30.24,10,North,0,0,Overcast,FALSE,FALSE,FALSE,FALSE,FALSE,FALSE,FALSE,FALSE,FALSE,FALSE,FALSE,FALSE,FALSE,Day,Day,Day,Day
A-97,MapQuest,201,3,2/11/16 7:29,2/11/16 8:18,41.355396,-81.819267,0,0,0.01,Accident on I-71 Northbound at Exit 234 US-42 Pearl Rd.,0,I-71 S,R,Cleveland,Cuyahoga,OH,44130,US,US/Eastern,KCLE,2/11/16 7:51,15.1,-1.6,51,30.18,10,NW,18.4,0,Mostly Cloudy,FALSE,FALSE,FALSE,FALSE,FALSE,FALSE,FALSE,FALSE,FALSE,FALSE,FALSE,FALSE,FALSE,Day,Day,Day,Day
A-98,MapQuest,201,2,2/11/16 7:53,2/11/16 8:23,39.687389,-84.237968,0,0,0,Accident on Vance Rd at Main St. Expect delays.,0,Vance Rd,R,Dayton,Montgomery,OH,45439,US,US/Eastern,KMGY,2/11/16 7:53,9,0,77,30.26,9,Calm,0,0,Clear,FALSE,FALSE,FALSE,FALSE,FALSE,FALSE,FALSE,FALSE,FALSE,FALSE,FALSE,FALSE,FALSE,Day,Day,Day,Day
A-99,MapQuest,201,2,2/11/16 8:07,2/11/16 8:37,39.751038,-84.214325,0,0,0.01,Accident on Broadway St at Home Ave. Expect delays.,1301,Home Ave,R,Dayton,Montgomery,OH,45402-8230,US,US/Eastern,KFFO,2/11/16 7:58,7.5,-1.1,87,30.28,10,SSW,4.6,0,Scattered Clouds,FALSE,FALSE,FALSE,FALSE,FALSE,FALSE,FALSE,FALSE,FALSE,FALSE,FALSE,FALSE,FALSE,Day,Day,Day,Day
A-100,MapQuest,201,2,2/11/16 8:13,2/11/16 8:43,39.749916,-84.139359,0,0,0.01,Accident on US-35 Westbound at Smithville Rd. Expect delays.,0,US-35 E,R,Dayton,Montgomery,OH,45410,US,US/Eastern,KFFO,2/11/16 7:58,7.5,-1.1,87,30.28,10,SSW,4.6,0,Scattered Clouds,FALSE,FALSE,FALSE,FALSE,FALSE,FALSE,FALSE,FALSE,FALSE,FALSE,FALSE,FALSE,FALSE,Day,Day,Day,Day
A-101,MapQuest,201,2,2/11/16 8:23,2/11/16 8:53,39.97509,-82.884605,0,0,0.01,Accident on OH-16 Broad St at Yearling Rd. Expect delays.,4400,E Broad St,L,Columbus,Franklin,OH,43213-1359,US,US/Eastern,KCMH,2/11/16 8:51,12,2.7,70,30.27,9,WNW,5.8,0,Overcast,FALSE,FALSE,TRUE,FALSE,FALSE,FALSE,FALSE,FALSE,FALSE,FALSE,FALSE,TRUE,FALSE,Day,Day,Day,Day
A-102,MapQuest-Bing,241,2,2/11/16 8:34,2/11/16 9:04,40.11195,-83.016663,0,0,0.48,One lane blocked due to accident on US-23 High St Southbound from Campus View Blvd to Exits 23A 23B I-270 Outerbelt.,0,N High St,R,Columbus,Franklin,OH,43235,US,US/Eastern,KOSU,2/11/16 8:53,12,1.5,77,30.26,10,West,6.9,0,Overcast,FALSE,FALSE,FALSE,FALSE,TRUE,FALSE,FALSE,FALSE,FALSE,FALSE,FALSE,FALSE,FALSE,Day,Day,Day,Day
A-103,MapQuest,201,3,2/11/16 8:29,2/11/16 8:59,41.424313,-81.57914,0,0,0.01,Accident on I-480 Eastbound at Exit 23 OH-14 Broadway Ave.,0,I-480 E,R,Maple Heights,Cuyahoga,OH,44137,US,US/Eastern,KBKL,2/11/16 8:53,18,-0.2,54,30.16,10,WNW,25.3,0,Overcast,FALSE,FALSE,FALSE,FALSE,FALSE,FALSE,FALSE,FALSE,FALSE,FALSE,FALSE,FALSE,FALSE,Day,Day,Day,Day
A-104,MapQuest,201,2,2/11/16 9:16,2/11/16 10:01,39.691864,-84.211166,0,0,0,Accident on Lamme Rd at Owendale Dr.,4099,Lamme Rd,R,Dayton,Montgomery,OH,45439,US,US/Eastern,KMGY,2/11/16 8:53,12,0,73,30.28,10,Calm,0,0,Clear,FALSE,FALSE,FALSE,FALSE,FALSE,FALSE,FALSE,FALSE,FALSE,FALSE,FALSE,FALSE,FALSE,Day,Day,Day,Day
A-105,MapQuest,201,2,2/11/16 9:16,2/11/16 10:01,39.769173,-84.207283,0,0,0,Accident on Grafton Ave at Grand Ave.,599,W Grand Ave,R,Dayton,Montgomery,OH,45405-4408,US,US/Eastern,KDAY,2/11/16 8:56,10.9,0.2,77,30.29,10,WNW,6.9,0,Mostly Cloudy,FALSE,FALSE,FALSE,FALSE,FALSE,FALSE,FALSE,FALSE,FALSE,FALSE,FALSE,TRUE,FALSE,Day,Day,Day,Day
A-106,MapQuest,201,2,2/11/16 9:31,2/11/16 10:01,39.75452,-84.159279,0,0,0.01,Accident on US-35 Eastbound at Steve Whalen Blvd. Expect delays.,0,US-35 E,R,Dayton,Montgomery,OH,45410,US,US/Eastern,KFFO,2/11/16 9:58,13.6,7.7,74,30.32,10,Variable,3.5,0,Overcast,FALSE,FALSE,FALSE,FALSE,FALSE,FALSE,FALSE,FALSE,FALSE,FALSE,FALSE,FALSE,FALSE,Day,Day,Day,Day
A-107,MapQuest,241,3,2/11/16 9:37,2/11/16 10:07,39.874947,-83.003937,0,0,0.01,One lane blocked due to accident on I-270 Outerbelt Westbound at Exits 52 52A 52B US-23 High St. Expect delays.,0,S High St,R,Columbus,Franklin,OH,43207,US,US/Eastern,KLCK,2/11/16 9:35,10.4,2.2,78,30.25,10,South,4.6,0,Overcast,FALSE,FALSE,FALSE,FALSE,TRUE,FALSE,FALSE,FALSE,FALSE,FALSE,FALSE,FALSE,FALSE,Day,Day,Day,Day
A-108,MapQuest,201,2,2/11/16 9:46,2/11/16 10:16,39.769596,-84.176964,0,0,0.01,Accident on OH-4 Keowee St at Keowee St / OH-4 Valley St. Expect delays.,0,N Keowee St,R,Dayton,Montgomery,OH,45404,US,US/Eastern,KFFO,2/11/16 9:58,13.6,7.7,74,30.32,10,Variable,3.5,0,Overcast,FALSE,FALSE,FALSE,FALSE,FALSE,FALSE,FALSE,FALSE,FALSE,FALSE,FALSE,FALSE,FALSE,Day,Day,Day,Day
A-109,MapQuest,201,2,2/11/16 10:48,2/11/16 11:18,39.776417,-84.23027,0,0,0,Accident on Burroughs Dr at Cornell Dr. Expect delays.,1500,Burroughs Dr,R,Dayton,Montgomery,OH,45406,US,US/Eastern,KDAY,2/11/16 10:56,18,6.1,68,30.32,10,WNW,10.4,0,Mostly Cloudy,FALSE,FALSE,FALSE,FALSE,FALSE,FALSE,FALSE,FALSE,FALSE,FALSE,FALSE,FALSE,FALSE,Day,Day,Day,Day
A-110,MapQuest,201,2,2/11/16 10:53,2/11/16 11:23,39.64185,-84.227455,0,0,0,Accident on Summit Glen Dr near Mall Woods Dr. Expect delays.,193,Mall Woods Dr,L,Dayton,Montgomery,OH,45449-3625,US,US/Eastern,KMGY,2/11/16 10:53,18,8.7,54,30.31,10,WNW,6.9,0,Clear,FALSE,FALSE,FALSE,FALSE,FALSE,FALSE,FALSE,FALSE,FALSE,FALSE,FALSE,FALSE,FALSE,Day,Day,Day,Day
A-111,MapQuest,201,2,2/11/16 11:21,2/11/16 11:51,39.760284,-84.196434,0,0,0.01,Accident on 2nd St at OH-4 Perry St. Expect delays.,299,W 2nd St,R,Dayton,Montgomery,OH,45402-1411,US,US/Eastern,KFFO,2/11/16 10:58,18.5,7.5,62,30.32,10,WNW,9.2,0,Mostly Cloudy,FALSE,FALSE,TRUE,FALSE,FALSE,FALSE,FALSE,FALSE,FALSE,FALSE,FALSE,TRUE,FALSE,Day,Day,Day,Day
A-112,MapQuest,201,2,2/11/16 12:24,2/11/16 13:09,39.802528,-84.220093,0,0,0.01,Accident on OH-48 Main St at Melford Ave.,4099,N Main St,L,Dayton,Montgomery,OH,45405-1604,US,US/Eastern,KDAY,2/11/16 11:56,19.9,9.3,65,30.32,10,WNW,9.2,0,Mostly Cloudy,FALSE,FALSE,FALSE,FALSE,FALSE,FALSE,FALSE,FALSE,FALSE,FALSE,FALSE,FALSE,FALSE,Day,Day,Day,Day
A-113,MapQuest,201,2,2/11/16 12:24,2/11/16 12:54,39.828781,-84.198395,0,0,0.01,Accident on Dixie Dr at Bartley Rd.,6515,N Dixie Dr,L,Dayton,Montgomery,OH,45414-3309,US,US/Eastern,KDAY,2/11/16 11:56,19.9,9.3,65,30.32,10,WNW,9.2,0,Mostly Cloudy,FALSE,FALSE,FALSE,FALSE,FALSE,FALSE,FALSE,FALSE,FALSE,FALSE,FALSE,TRUE,FALSE,Day,Day,Day,Day
A-114,MapQuest,201,2,2/11/16 13:44,2/11/16 14:14,39.733337,-84.180359,0,0,0.01,Accident on Brown St at Oakwood Ave.,199,Springhouse Rd,L,Dayton,Montgomery,OH,45409,US,US/Eastern,KFFO,2/11/16 13:58,21.6,13,49,30.3,10,West,6.9,0,Mostly Cloudy,TRUE,FALSE,FALSE,FALSE,FALSE,FALSE,FALSE,FALSE,FALSE,FALSE,FALSE,TRUE,FALSE,Day,Day,Day,Day
A-115,MapQuest,201,2,2/11/16 14:16,2/11/16 14:46,39.759426,-84.138367,0,0,0.01,Accident on Smithville Rd at Speice Ave.,1601,Speice Ave,L,Dayton,Montgomery,OH,45403-3130,US,US/Eastern,KFFO,2/11/16 13:58,21.6,13,49,30.3,10,West,6.9,0,Mostly Cloudy,FALSE,FALSE,FALSE,FALSE,FALSE,FALSE,FALSE,FALSE,FALSE,FALSE,FALSE,FALSE,FALSE,Day,Day,Day,Day
A-116,MapQuest,201,2,2/11/16 15:34,2/11/16 16:19,39.783615,-84.227531,0,0,0,Accident on Auburn Ave at Salem Ave.,1965,Auburn Ave,L,Dayton,Montgomery,OH,45406-5615,US,US/Eastern,KDAY,2/11/16 15:56,21,14.6,57,30.32,10,WNW,4.6,0,Mostly Cloudy,FALSE,FALSE,FALSE,FALSE,FALSE,FALSE,FALSE,FALSE,FALSE,FALSE,FALSE,FALSE,FALSE,Day,Day,Day,Day
A-117,MapQuest,201,2,2/11/16 16:34,2/11/16 17:19,39.74004,-84.194923,0,0,0.01,Accident on Stewart St at Edwin C Moses Blvd.,0,W Stewart St,R,Dayton,Montgomery,OH,45417,US,US/Eastern,KDAY,2/11/16 16:56,21,11.4,57,30.33,10,North,8.1,0,Mostly Cloudy,FALSE,FALSE,TRUE,FALSE,FALSE,FALSE,FALSE,FALSE,FALSE,FALSE,FALSE,TRUE,FALSE,Day,Day,Day,Day
A-118,MapQuest,201,3,2/11/16 17:10,2/11/16 20:00,39.735199,-84.204948,0,0,0.01,Left lane blocked due to accident on I-75 Southbound at Exit 51 Edwin C Moses Blvd.,0,I-75 S,R,Dayton,Montgomery,OH,45417,US,US/Eastern,KDAY,2/11/16 16:56,21,11.4,57,30.33,10,North,8.1,0,Mostly Cloudy,FALSE,FALSE,FALSE,FALSE,FALSE,FALSE,FALSE,FALSE,FALSE,FALSE,FALSE,FALSE,FALSE,Day,Day,Day,Day
A-119,MapQuest,201,2,2/11/16 18:27,2/11/16 21:00,39.749035,-84.204742,0,0,0.01,Center lane blocked due to accident on US-35 Westbound at I-75.,0,I-75 N,R,Dayton,Montgomery,OH,45402,US,US/Eastern,KFFO,2/11/16 17:58,21,11.4,51,30.34,10,NW,8.1,0,Mostly Cloudy,FALSE,FALSE,FALSE,FALSE,FALSE,FALSE,FALSE,FALSE,FALSE,FALSE,FALSE,FALSE,FALSE,Night,Day,Day,Day
A-120,MapQuest,201,3,2/11/16 19:11,2/11/16 21:00,39.969223,-82.984131,0,0,0.01,Right lane blocked due to accident on I-71 Innerbelt Southbound at Exit 108B I-670.,0,E Innerbelt S,R,Columbus,Franklin,OH,43203,US,US/Eastern,KCMH,2/11/16 18:51,19,0,57,30.34,9,Calm,0,0,Light Snow,FALSE,FALSE,FALSE,FALSE,FALSE,FALSE,FALSE,FALSE,FALSE,FALSE,FALSE,FALSE,FALSE,Night,Night,Night,Day
A-121,MapQuest-Bing,201,3,2/11/16 19:22,2/11/16 21:00,39.995369,-82.985085,0,0,0.01,Right lane blocked due to accident on I-71 Southbound at Exit 110B 11th Ave.,0,North Fwy S,R,Columbus,Franklin,OH,43211,US,US/Eastern,KCMH,2/11/16 19:51,17.1,11.7,62,30.35,10,SW,3.5,0,Mostly Cloudy,FALSE,FALSE,FALSE,FALSE,FALSE,FALSE,FALSE,FALSE,FALSE,FALSE,FALSE,FALSE,FALSE,Night,Night,Night,Day
A-122,MapQuest,201,3,2/11/16 20:48,2/11/16 23:54,39.744873,-84.205025,0,0,0.01,Left lane blocked due to accident on I-75 Northbound at Exits 52 52B US-35.,0,I-75 S,R,Dayton,Montgomery,OH,45417,US,US/Eastern,KDAY,2/11/16 20:56,17.1,0,68,30.35,10,Calm,0,0,Scattered Clouds,FALSE,FALSE,FALSE,FALSE,FALSE,FALSE,FALSE,FALSE,FALSE,FALSE,FALSE,FALSE,FALSE,Night,Night,Night,Night
A-123,MapQuest,201,2,2/12/16 16:16,2/12/16 17:01,39.749786,-84.199493,0,0,0,Accident on Washington St at Edwin C Moses Blvd.,540,S Edwin C Moses Blvd,L,Dayton,Montgomery,OH,45402-8430,US,US/Eastern,KFFO,2/12/16 16:13,26.6,14.3,59,30.04,10,West,16.1,0,Light Snow,FALSE,FALSE,TRUE,FALSE,FALSE,FALSE,FALSE,FALSE,FALSE,FALSE,FALSE,TRUE,FALSE,Day,Day,Day,Day
A-124,MapQuest,201,2,2/12/16 16:42,2/12/16 17:27,39.780331,-84.195076,0,0,0.01,Accident on Stanley Ave at Helena St.,1258,Stanley Ave,R,Dayton,Montgomery,OH,45404-1016,US,US/Eastern,KFFO,2/12/16 16:58,25.5,12.9,66,30.11,7,West,16.1,0,Light Snow,FALSE,FALSE,FALSE,FALSE,FALSE,FALSE,FALSE,FALSE,FALSE,FALSE,FALSE,FALSE,FALSE,Day,Day,Day,Day
A-125,MapQuest,246,3,2/12/16 17:47,2/12/16 18:52,40.109928,-82.978203,0,0,1.67,Three lanes blocked due to accident on I-71 Southbound between Exit 121 Polaris Pkwy and Exits 119 119A 119B I-270 Outerbelt.,0,North Fwy S,R,Columbus,Franklin,OH,43229,US,US/Eastern,KOSU,2/12/16 17:50,23,11.1,80,30.03,3,West,12.7,0,Light Snow,FALSE,FALSE,FALSE,FALSE,TRUE,FALSE,FALSE,FALSE,FALSE,FALSE,FALSE,FALSE,FALSE,Day,Day,Day,Day
A-126,MapQuest,201,3,2/12/16 20:04,2/12/16 23:59,40.11195,-83.016663,0,0,0.94,Left lane blocked due to accident on I-270 Outerbelt Eastbound between Exits 22 22A 22B OH-315 Olentangy Fwy and Exit 23 US-23 High St.,0,N High St,R,Columbus,Franklin,OH,43235,US,US/Eastern,KOSU,2/12/16 19:53,19,1.6,71,30.14,5,NW,24.2,0,Light Snow,FALSE,FALSE,FALSE,FALSE,TRUE,FALSE,FALSE,FALSE,FALSE,FALSE,FALSE,FALSE,FALSE,Night,Night,Night,Night
A-127,MapQuest,201,3,2/12/16 20:12,2/12/16 23:59,40.112156,-83.035072,0,0,0.94,Left lane blocked due to accident on I-270 Outerbelt Westbound between Exit 23 US-23 High St and Exits 22 22A 22B OH-315 Olentangy Fwy.,0,Outerbelt E,R,Columbus,Franklin,OH,43235,US,US/Eastern,KOSU,2/12/16 19:53,19,1.6,71,30.14,5,NW,24.2,0,Light Snow,FALSE,FALSE,FALSE,FALSE,TRUE,FALSE,FALSE,FALSE,FALSE,FALSE,FALSE,FALSE,FALSE,Night,Night,Night,Night
A-128,MapQuest,201,3,2/12/16 20:41,2/12/16 23:59,39.871761,-82.933449,0,0,2.79,Left lane blocked due to accident on I-270 Outerbelt Westbound between Exits 46 46A 46B US-33 and Exit 49 Alum Creek Dr.,0,Outerbelt E,R,Columbus,Franklin,OH,43207,US,US/Eastern,KLCK,2/12/16 20:35,19.9,3.2,62,30.13,10,NW,23,0,Scattered Clouds,FALSE,FALSE,FALSE,FALSE,FALSE,FALSE,FALSE,FALSE,FALSE,FALSE,FALSE,FALSE,FALSE,Night,Night,Night,Night
A-129,MapQuest,201,3,2/12/16 23:48,2/13/16 1:00,39.934517,-82.860657,0,0,0.01,Accident on I-70 Eastbound at Exits 108 108A-B I-270 Outerbelt.,0,I-70 E,R,Columbus,Franklin,OH,43232,US,US/Eastern,KCMH,2/12/16 23:51,16,1.7,68,30.25,10,NW,13.8,0,Mostly Cloudy,FALSE,FALSE,FALSE,FALSE,FALSE,FALSE,FALSE,FALSE,FALSE,FALSE,FALSE,FALSE,FALSE,Night,Night,Night,Night
A-130,MapQuest,201,3,2/13/16 11:05,2/13/16 11:35,40.02404,-82.994797,0,0,0.01,Accident on I-71 Northbound at Exit 113 Silver Dr.,0,E Weber Rd,R,Columbus,Franklin,OH,43211,US,US/Eastern,KCMH,2/13/16 10:51,10,-4.5,44,30.54,10,NW,11.5,0,Partly Cloudy,FALSE,FALSE,FALSE,FALSE,FALSE,FALSE,FALSE,FALSE,FALSE,FALSE,FALSE,FALSE,FALSE,Day,Day,Day,Day
A-131,MapQuest,201,3,2/13/16 11:05,2/13/16 12:05,41.014015,-81.932777,0,0,0.01,Accident on I-71 Northbound in Westfield Center.,0,I-71 N,R,Seville,Medina,OH,44273,US,US/Eastern,KBJJ,2/13/16 10:56,8.1,-8.4,61,30.48,10,WNW,13.8,0,Scattered Clouds,FALSE,FALSE,FALSE,FALSE,FALSE,FALSE,FALSE,FALSE,FALSE,FALSE,FALSE,FALSE,FALSE,Day,Day,Day,Day
A-132,MapQuest,201,2,2/13/16 11:17,2/13/16 12:17,40.575069,-82.528145,0,0,0.01,Accident on OH-13 State Route 13 Northbound at Smith Rd.,6822,State Route 13,L,Bellville,Richland,OH,44813-9053,US,US/Eastern,KMFD,2/13/16 10:52,7,-8.3,58,30.49,10,WNW,11.5,0,Clear,FALSE,FALSE,FALSE,FALSE,FALSE,FALSE,FALSE,FALSE,FALSE,FALSE,FALSE,FALSE,FALSE,Day,Day,Day,Day
A-133,MapQuest,201,3,2/13/16 11:25,2/13/16 11:55,39.996578,-84.216805,0,0,0.01,Accident on I-75 Southbound at Exit 73 OH-55 State Route 55. Approach with care.,0,I-75 S,R,Troy,Miami,OH,45373,US,US/Eastern,KDAY,2/13/16 10:56,10.9,-1.8,51,30.57,10,NW,9.2,0,Scattered Clouds,FALSE,FALSE,FALSE,FALSE,FALSE,FALSE,FALSE,FALSE,FALSE,FALSE,FALSE,FALSE,FALSE,Day,Day,Day,Day
A-134,MapQuest,241,3,2/13/16 12:56,2/13/16 13:26,39.986324,-82.985458,0,0,0.01,Left lane blocked due to accident on I-71 North Fwy Southbound at 5th Ave.,0,North Fwy S,R,Columbus,Franklin,OH,43201,US,US/Eastern,KCMH,2/13/16 12:51,12.9,-3.4,43,30.53,10,NNW,16.1,0,Mostly Cloudy,FALSE,FALSE,FALSE,FALSE,TRUE,FALSE,FALSE,FALSE,FALSE,FALSE,FALSE,FALSE,FALSE,Day,Day,Day,Day
A-135,MapQuest,201,3,2/13/16 12:55,2/13/16 13:25,40.013062,-82.90213,0,0,0.01,Right hand shoulder blocked due to accident on I-270 Outerbelt Northbound at Exits 35A 35B I-670 Northeast Fwy.,0,Outerbelt N,R,Columbus,Franklin,OH,43230,US,US/Eastern,KCMH,2/13/16 12:51,12.9,-3.4,43,30.53,10,NNW,16.1,0,Mostly Cloudy,FALSE,FALSE,FALSE,FALSE,FALSE,FALSE,FALSE,FALSE,FALSE,FALSE,FALSE,FALSE,FALSE,Day,Day,Day,Day
A-136,MapQuest,201,3,2/14/16 10:13,2/14/16 23:59,39.981709,-82.98436,0,0,0.01,Left lane closed due to accident on I-71 Innerbelt Northbound at Exit 108B I-670.,0,North Fwy N,R,Columbus,Franklin,OH,43201,US,US/Eastern,KCMH,2/14/16 9:51,10,0.4,70,30.52,10,SE,5.8,0,Scattered Clouds,FALSE,FALSE,FALSE,FALSE,FALSE,FALSE,FALSE,FALSE,FALSE,FALSE,FALSE,FALSE,FALSE,Day,Day,Day,Day
A-137,MapQuest,201,3,2/14/16 10:49,2/14/16 11:19,39.953022,-82.998894,0,0,0.01,Right lane closed due to accident on I-71 Eastbound at US-23 High St.,0,S High St,R,Columbus,Franklin,OH,43215,US,US/Eastern,KCMH,2/14/16 10:51,12.9,-0.2,65,30.5,10,SSE,10.4,0,Scattered Clouds,FALSE,FALSE,FALSE,FALSE,FALSE,FALSE,FALSE,FALSE,FALSE,FALSE,FALSE,FALSE,FALSE,Day,Day,Day,Day
A-138,MapQuest,241,3,2/14/16 10:41,2/14/16 11:11,39.973812,-82.983162,0,0,0.01,Lane blocked due to accident on I-670 Northbound at Exits 4C 5 5A 5B I-71 Innerbelt.,0,I-670 E,R,Columbus,Franklin,OH,43203,US,US/Eastern,KCMH,2/14/16 10:51,12.9,-0.2,65,30.5,10,SSE,10.4,0,Scattered Clouds,FALSE,FALSE,FALSE,FALSE,FALSE,FALSE,FALSE,FALSE,FALSE,FALSE,FALSE,FALSE,FALSE,Day,Day,Day,Day
A-139,MapQuest,201,3,2/14/16 18:15,2/14/16 19:30,39.978306,-82.852554,0,0,0.01,Accident on I-270 Outerbelt Northbound at Exit 39 OH-16 Broad St.,0,E Broad St,R,Columbus,Franklin,OH,43213,US,US/Eastern,KCMH,2/14/16 18:06,15.8,3.4,79,30.24,0.5,ESE,10.4,0,Snow,FALSE,FALSE,FALSE,FALSE,TRUE,FALSE,FALSE,FALSE,FALSE,FALSE,FALSE,FALSE,FALSE,Night,Day,Day,Day
A-140,MapQuest,241,3,2/14/16 19:17,2/14/16 20:30,39.917412,-83.014236,0,0,0.01,Lane blocked due to accident on I-71 Northbound at Exit 104 OH-104 Frank Rd.,0,Frank Rd,R,Columbus,Franklin,OH,43223,US,US/Eastern,KTZR,2/14/16 19:15,17.6,0,86,30.23,1,Calm,0,0,Light Snow,FALSE,FALSE,FALSE,FALSE,FALSE,FALSE,FALSE,FALSE,FALSE,FALSE,FALSE,FALSE,FALSE,Night,Night,Night,Day
A-141,MapQuest,201,2,2/15/16 4:53,2/15/16 5:23,39.469582,-83.712799,0,0,0.01,Accident on US-22 US Highway 22 3 both ways at County Hwy-9 Melvin Rd.,6724,E US Highway 22 3,R,Wilmington,Clinton,OH,45177-7762,US,US/Eastern,KILN,2/15/16 4:54,23,13.9,96,30.09,2.5,SSE,8.1,0,Overcast,FALSE,FALSE,FALSE,FALSE,FALSE,FALSE,FALSE,FALSE,FALSE,FALSE,FALSE,FALSE,FALSE,Night,Night,Night,Night
A-142,MapQuest,201,2,2/15/16 5:22,2/15/16 5:52,39.63958,-84.234818,0,0,0.01,Accident on Byers Rd near Monarch Ln.,106,Byers Rd,L,Miamisburg,Montgomery,OH,45342-3613,US,US/Eastern,KMGY,2/15/16 5:03,23,13.9,92,29.97,1.5,SSE,8.1,0,Overcast,FALSE,FALSE,FALSE,FALSE,FALSE,FALSE,FALSE,FALSE,FALSE,FALSE,FALSE,FALSE,FALSE,Night,Night,Night,Night
A-143,MapQuest,241,3,2/15/16 5:42,2/15/16 6:12,39.975986,-82.996307,0,0,0.71,Lane blocked due to accident on I-670 Westbound between i-71 North Fwy Exits 109A 109B and Third St.,0,I-670 W,R,Columbus,Franklin,OH,43215,US,US/Eastern,KCMH,2/15/16 5:51,21.9,14.5,89,30.06,5,SE,5.8,0,Light Freezing Drizzle,FALSE,FALSE,FALSE,FALSE,TRUE,FALSE,FALSE,FALSE,FALSE,FALSE,FALSE,FALSE,FALSE,Night,Night,Night,Night
A-144,MapQuest,201,3,2/15/16 6:36,2/15/16 9:00,39.951401,-83.040161,0,0,0.01,Left lane closed due to accident on I-70 Westbound at Exit 98A US-62 Central Ave.,0,I-70 W,R,Columbus,Franklin,OH,43223,US,US/Eastern,KTZR,2/15/16 6:15,22.8,13.6,96,30.02,3,SSE,8.1,0,Light Snow,FALSE,FALSE,FALSE,FALSE,FALSE,FALSE,FALSE,FALSE,FALSE,FALSE,FALSE,FALSE,FALSE,Night,Night,Day,Day
A-145,MapQuest,241,2,2/15/16 7:02,2/15/16 7:32,39.96888,-83.022263,0,0,2.04,Lane blocked due to accident on OH-315 Innerbelt Southbound from Olentangy River Rd to I-670.,0,North Innerbelt W,R,Columbus,Franklin,OH,43215,US,US/Eastern,KCMH,2/15/16 7:01,23,15.8,86,30.03,3,SE,5.8,0,Light Freezing Drizzle,FALSE,FALSE,FALSE,FALSE,FALSE,FALSE,FALSE,FALSE,FALSE,FALSE,FALSE,FALSE,FALSE,Night,Day,Day,Day
A-146,MapQuest,201,3,2/15/16 7:17,2/15/16 7:47,39.804295,-84.178917,0,0,0.01,Accident on Webster St at Wagoner Ford Rd.,4301,Webster St,L,Dayton,Montgomery,OH,45414-4935,US,US/Eastern,KDAY,2/15/16 6:56,23,15.8,96,30.03,0.2,SSE,5.8,0,Light Freezing Drizzle,FALSE,FALSE,FALSE,FALSE,FALSE,FALSE,FALSE,FALSE,FALSE,FALSE,FALSE,FALSE,FALSE,Night,Day,Day,Day
A-147,MapQuest,241,2,2/15/16 7:15,2/15/16 7:45,39.831444,-84.097267,0,0,0,Lane blocked due to accident on Heritage Park Blvd at Greeley Ave.,6800,Greeley Ave,L,Dayton,Montgomery,OH,45424-1794,US,US/Eastern,KFFO,2/15/16 6:58,24.1,17,98,30.04,1.5,SSE,5.8,0,Light Snow,FALSE,FALSE,FALSE,FALSE,FALSE,FALSE,FALSE,FALSE,FALSE,FALSE,FALSE,FALSE,FALSE,Night,Day,Day,Day
A-148,MapQuest,201,3,2/15/16 7:07,2/15/16 10:00,39.890587,-83.035385,0,0,0.01,Right lane closed due to accident on I-270 Outerbelt Westbound at I-71 Exit 101.,0,Outerbelt W,R,Grove City,Franklin,OH,43123,US,US/Eastern,KTZR,2/15/16 7:20,24.8,17.9,100,30.01,1.5,SE,5.8,0,Light Snow,FALSE,FALSE,FALSE,FALSE,FALSE,FALSE,FALSE,FALSE,FALSE,FALSE,FALSE,FALSE,FALSE,Night,Day,Day,Day
A-149,MapQuest,201,3,2/15/16 7:23,2/15/16 7:53,39.770977,-84.183914,0,0,0.01,Accident on I-75 Southbound at Exits 54A 54B OH-4.,0,OH-4 S,R,Dayton,Montgomery,OH,45404,US,US/Eastern,KFFO,2/15/16 7:38,24.8,0,100,30.04,1.5,SSW,2.3,0,Light Freezing Drizzle,FALSE,FALSE,FALSE,FALSE,FALSE,FALSE,FALSE,FALSE,FALSE,FALSE,FALSE,FALSE,FALSE,Night,Day,Day,Day
A-150,MapQuest,241,2,2/15/16 7:28,2/15/16 7:58,39.808121,-84.173477,0,0,0.01,Lane blocked due to accident on Wagoner Ford Rd at Chuck Wagner Ln.,3201,Chuck Wagner Ln,R,Dayton,Montgomery,OH,45414,US,US/Eastern,KDAY,2/15/16 7:56,24.1,18.2,96,30.02,0.8,SE,4.6,0,Light Freezing Drizzle,FALSE,FALSE,FALSE,FALSE,FALSE,FALSE,FALSE,FALSE,FALSE,FALSE,FALSE,FALSE,FALSE,Night,Day,Day,Day
A-151,MapQuest,201,2,2/15/16 7:37,2/15/16 8:07,41.410461,-81.725853,0,0,0,Accident on Westlake Ave at Torrington Ave.,5847,Westlake Ave,L,Cleveland,Cuyahoga,OH,44129-2344,US,US/Eastern,KCLE,2/15/16 7:51,21,9.3,85,30.1,4,SSE,11.5,0,Light Snow,FALSE,FALSE,FALSE,FALSE,FALSE,FALSE,FALSE,FALSE,FALSE,FALSE,FALSE,FALSE,FALSE,Day,Day,Day,Day
A-152,MapQuest,241,3,2/15/16 7:46,2/15/16 8:16,39.747753,-84.205582,0,0,0.01,Lane blocked due to accident on I-75 Northbound at Exits 52 52B US-35.,0,I-75 S,R,Dayton,Montgomery,OH,45417,US,US/Eastern,KDAY,2/15/16 7:56,24.1,18.2,96,30.02,0.8,SE,4.6,0,Light Freezing Drizzle,FALSE,FALSE,FALSE,FALSE,FALSE,FALSE,FALSE,FALSE,FALSE,FALSE,FALSE,FALSE,FALSE,Day,Day,Day,Day
A-153,MapQuest,241,3,2/15/16 7:52,2/15/16 8:22,39.6395,-84.231361,0,0,0.01,Lane blocked due to accident on I-75 Northbound at OH-725 Miamisburg Centerville Rd.,0,Miamisburg Centerville Rd,R,Dayton,Montgomery,OH,45449,US,US/Eastern,KMGY,2/15/16 7:53,26.1,17.6,92,30.01,4,South,8.1,0,Overcast,FALSE,FALSE,FALSE,FALSE,FALSE,FALSE,FALSE,FALSE,FALSE,FALSE,FALSE,FALSE,FALSE,Day,Day,Day,Day
A-154,MapQuest,241,2,2/15/16 8:00,2/15/16 8:30,39.94537,-82.887444,0,0,0.01,Lane blocked due to accident on Livingston Ave at Yearling Rd.,1398,S Yearling Rd,L,Columbus,Franklin,OH,43227-2072,US,US/Eastern,KCMH,2/15/16 7:51,24.1,17,91,30.06,1,SE,5.8,0.01,Light Freezing Drizzle,FALSE,FALSE,FALSE,FALSE,FALSE,FALSE,FALSE,FALSE,TRUE,FALSE,FALSE,TRUE,FALSE,Day,Day,Day,Day
A-155,MapQuest,241,2,2/15/16 8:11,2/15/16 8:41,39.79813,-84.244797,0,0,0.01,Lane blocked due to accident on Siebenthaler Ave at Klepinger Rd.,3473,Klepinger Rd,L,Dayton,Montgomery,OH,45406,US,US/Eastern,KDAY,2/15/16 8:23,25,17.1,96,29.99,0.8,South,6.9,0,Overcast,FALSE,FALSE,FALSE,FALSE,FALSE,FALSE,FALSE,FALSE,FALSE,FALSE,FALSE,TRUE,FALSE,Day,Day,Day,Day
A-156,MapQuest,241,2,2/15/16 8:10,2/15/16 8:40,40.081715,-82.89576,0,0,0.01,Lane blocked due to accident on OH-161 New Albany Expy Eastbound at Sunbury Rd.,0,S Sunbury Rd,R,Westerville,Franklin,OH,43081,US,US/Eastern,KCMH,2/15/16 7:51,24.1,17,91,30.06,1,SE,5.8,0.01,Light Freezing Drizzle,FALSE,FALSE,FALSE,FALSE,FALSE,FALSE,FALSE,FALSE,FALSE,FALSE,FALSE,TRUE,FALSE,Day,Day,Day,Day
A-157,MapQuest,201,2,2/15/16 8:15,2/15/16 9:04,41.111031,-81.550728,0,0,0,Accident on Burning Tree Dr near Saint Andrews Dr.,399,Burning Tree Dr,R,Akron,Summit,OH,44303-1209,US,US/Eastern,KAKR,2/15/16 8:03,23,15.8,85,30.03,2,SSE,5.8,0,Overcast,FALSE,FALSE,FALSE,FALSE,FALSE,FALSE,FALSE,FALSE,FALSE,FALSE,FALSE,FALSE,FALSE,Day,Day,Day,Day
A-158,MapQuest,201,2,2/15/16 8:31,2/15/16 9:01,40.082016,-82.937119,0,0,0.01,Accident on OH-161 Dublin Granville Rd at Ponderosa Dr.,0,E Dublin Granville Rd,R,Columbus,Franklin,OH,43231,US,US/Eastern,KCMH,2/15/16 8:51,26.1,19.4,88,30.06,1,SSE,5.8,0.01,Light Freezing Drizzle,FALSE,FALSE,FALSE,FALSE,FALSE,FALSE,FALSE,FALSE,FALSE,FALSE,FALSE,TRUE,FALSE,Day,Day,Day,Day
A-159,MapQuest,201,2,2/15/16 8:39,2/15/16 9:09,39.763363,-84.15535,0,0,0,Accident on 4th St at Philadelphia St.,2601,E 4th St,L,Dayton,Montgomery,OH,45403-2111,US,US/Eastern,KFFO,2/15/16 8:58,27,23,98,30.04,2.5,SSW,3.5,0,Light Freezing Drizzle,FALSE,FALSE,FALSE,FALSE,FALSE,FALSE,FALSE,FALSE,FALSE,FALSE,FALSE,FALSE,FALSE,Day,Day,Day,Day
A-160,MapQuest,201,2,2/15/16 11:31,2/15/16 12:01,39.740063,-84.191833,0,0,0.01,Accident on Stewart St at Patterson Blvd.,0,W Stewart St,R,Dayton,Montgomery,OH,45402,US,US/Eastern,KFFO,2/15/16 11:51,32,26.4,100,29.99,1.5,SSE,5.8,0,Overcast,FALSE,FALSE,TRUE,FALSE,FALSE,FALSE,FALSE,FALSE,FALSE,FALSE,FALSE,TRUE,FALSE,Day,Day,Day,Day
A-161,MapQuest,201,2,2/15/16 12:30,2/15/16 13:15,39.99876,-82.625221,0,0,0.01,Accident on County Hwy-39 York Rd at County Hwy-34 Blacks Rd.,7324,Blacks Rd SW,R,Pataskala,Licking,OH,43062-8599,US,US/Eastern,KVTA,2/15/16 12:54,32,24.8,85,29.99,5,South,8.1,0,Overcast,FALSE,FALSE,FALSE,FALSE,FALSE,FALSE,FALSE,FALSE,FALSE,FALSE,FALSE,FALSE,FALSE,Day,Day,Day,Day
A-162,MapQuest,201,2,2/15/16 12:34,2/15/16 13:19,39.740063,-84.191833,0,0,0.01,Accident on Stewart St at Patterson Blvd.,0,W Stewart St,R,Dayton,Montgomery,OH,45402,US,US/Eastern,KFFO,2/15/16 12:27,32,26.4,100,29.98,4,South,5.8,0,Overcast,FALSE,FALSE,TRUE,FALSE,FALSE,FALSE,FALSE,FALSE,FALSE,FALSE,FALSE,TRUE,FALSE,Day,Day,Day,Day
A-163,MapQuest,201,2,2/15/16 12:53,2/15/16 13:23,39.99519,-82.868591,0,0,0.01,Accident on OH-317 Hamilton Rd near Sawyer Rd.,0,Sawyer Rd,R,Columbus,Franklin,OH,43219,US,US/Eastern,KCMH,2/15/16 12:51,30.9,23.5,89,29.99,2,South,8.1,0,Mostly Cloudy,FALSE,FALSE,FALSE,FALSE,FALSE,FALSE,FALSE,FALSE,FALSE,FALSE,FALSE,TRUE,FALSE,Day,Day,Day,Day
A-164,MapQuest,201,1,2/15/16 17:22,2/15/16 18:07,41.395805,-81.935562,0,0,0,Accident on Westlawn Dr at Holly Dr.,6500,Maplehurst Rd,R,North Olmsted,Cuyahoga,OH,44070-5152,US,US/Eastern,KCLE,2/15/16 17:51,33.1,27.7,82,29.95,7,SSE,5.8,0,Overcast,FALSE,FALSE,FALSE,FALSE,FALSE,FALSE,FALSE,FALSE,FALSE,FALSE,FALSE,FALSE,FALSE,Day,Day,Day,Day
A-165,MapQuest,201,2,2/15/16 18:27,2/15/16 19:12,39.887058,-82.883263,0,0,0.01,Accident on OH-317 Hamilton Rd Southbound at Williams Rd. Approach with care.,0,Williams Rd,R,Groveport,Franklin,OH,43125,US,US/Eastern,KLCK,2/15/16 18:35,33.6,30.6,94,29.86,7,East,3.5,0,Light Drizzle,FALSE,FALSE,FALSE,FALSE,FALSE,FALSE,FALSE,FALSE,FALSE,FALSE,FALSE,TRUE,FALSE,Night,Day,Day,Day
A-166,MapQuest,201,3,2/15/16 19:37,2/15/16 20:22,39.824703,-83.141228,0,0,0.01,Right lane blocked due to accident on I-71 Northbound at Exit 94 US-62 Harrisburg Pike. Approach with care.,0,I-71 N,R,Orient,Franklin,OH,43146,US,US/Eastern,KTZR,2/15/16 19:35,32.9,0,100,29.86,1.8,Calm,0,0,Overcast,FALSE,FALSE,FALSE,FALSE,FALSE,FALSE,FALSE,FALSE,FALSE,FALSE,FALSE,FALSE,FALSE,Night,Night,Night,Day
A-167,MapQuest,201,2,2/15/16 21:09,2/15/16 21:39,40.977516,-82.790749,0,0,0,Accident on County Hwy-208 Auburn Rd at County Hwy-50 Scott Rd.,7419,N Auburn Rd,R,Tiro,Crawford,OH,44887-9600,US,US/Eastern,KMFD,2/15/16 20:52,32,26.4,100,29.88,0.5,ESE,5.8,0,Fog,FALSE,FALSE,FALSE,FALSE,FALSE,FALSE,FALSE,FALSE,FALSE,FALSE,FALSE,FALSE,FALSE,Night,Night,Night,Night
A-168,MapQuest,241,3,2/16/16 4:05,2/16/16 4:35,40.11195,-83.016663,0,0,0.01,One lane blocked due to accident on I-270 Outerbelt Westbound at Exit 23 US-23 High St. Expect delays.,0,N High St,R,Columbus,Franklin,OH,43235,US,US/Eastern,KOSU,2/16/16 3:53,32,24.8,100,29.71,1.2,NW,8.1,0.04,Light Snow,FALSE,FALSE,FALSE,FALSE,TRUE,FALSE,FALSE,FALSE,FALSE,FALSE,FALSE,FALSE,FALSE,Night,Night,Night,Night
A-169,MapQuest,201,3,2/16/16 4:32,2/16/16 5:02,41.150993,-81.631393,0,0,0.01,Accident on I-77 Northbound at Exit 138 Ghent Rd. Expect delays.,0,I-77 S,R,Akron,Summit,OH,44333,US,US/Eastern,KAKR,2/16/16 4:54,34,28,89,29.67,1.2,North,6.9,0.03,Light Snow,FALSE,FALSE,FALSE,FALSE,TRUE,FALSE,FALSE,FALSE,FALSE,FALSE,FALSE,FALSE,FALSE,Night,Night,Night,Night
A-170,MapQuest,201,3,2/16/16 5:22,2/16/16 5:52,39.824703,-83.141228,0,0,0.01,Accident on I-71 Northbound at Exit 94 US-62 Harrisburg Pike. Expect delays.,0,I-71 N,R,Orient,Franklin,OH,43146,US,US/Eastern,KTZR,2/16/16 5:15,32.2,25.8,100,29.7,3,NW,6.9,0,Light Snow,FALSE,FALSE,FALSE,FALSE,FALSE,FALSE,FALSE,FALSE,FALSE,FALSE,FALSE,FALSE,FALSE,Night,Night,Night,Night
A-171,MapQuest,201,2,2/16/16 5:37,2/16/16 6:07,39.885872,-82.806198,0,0,0,Accident on Wright Rd at Bowen Rd. Expect delays.,4381,Bowen Rd,R,Canal Winchester,Franklin,OH,43110,US,US/Eastern,KLCK,2/16/16 5:35,32,26.4,99,29.69,2.5,NNW,5.8,0,Light Snow,FALSE,FALSE,FALSE,FALSE,FALSE,FALSE,FALSE,FALSE,FALSE,FALSE,FALSE,FALSE,FALSE,Night,Night,Night,Night
A-172,MapQuest,241,3,2/16/16 6:05,2/16/16 6:50,40.11195,-83.016663,0,0,0.01,One lane blocked due to accident on I-270 Outerbelt Westbound at Exit 23 US-23 High St.,0,N High St,R,Columbus,Franklin,OH,43235,US,US/Eastern,KOSU,2/16/16 5:53,33.1,26.1,96,29.71,5,NNW,8.1,0,Overcast,FALSE,FALSE,FALSE,FALSE,TRUE,FALSE,FALSE,FALSE,FALSE,FALSE,FALSE,FALSE,FALSE,Night,Night,Night,Day
A-173,MapQuest,201,3,2/16/16 6:17,2/16/16 6:47,40.099171,-83.134499,0,0,0.01,Accident on I-270 Outerbelt Northbound at Exits 17A 17B US-33 Columbus Marysville Rd. Expect delays.,0,Columbus Marysville Rd N,R,Dublin,Franklin,OH,43017,US,US/Eastern,KOSU,2/16/16 5:53,33.1,26.1,96,29.71,5,NNW,8.1,0,Overcast,FALSE,FALSE,FALSE,FALSE,FALSE,FALSE,FALSE,FALSE,FALSE,FALSE,FALSE,FALSE,FALSE,Night,Night,Night,Day
A-174,MapQuest,201,2,2/16/16 6:32,2/16/16 7:02,40.012829,-83.109131,0,0,0.01,Accident on Scioto Darby Rd at Dublin Rd. Expect delays.,3648,Scioto Darby Rd,R,Columbus,Franklin,OH,43221,US,US/Eastern,KOSU,2/16/16 6:53,32,23,96,29.71,5,NNW,11.5,0,Overcast,FALSE,FALSE,FALSE,FALSE,FALSE,FALSE,FALSE,FALSE,FALSE,FALSE,FALSE,TRUE,FALSE,Night,Night,Day,Day
A-175,MapQuest,201,2,2/16/16 6:29,2/16/16 6:59,40.048183,-82.945183,0,0,0.01,Accident on OH-3 Westerville Rd at Ferris Rd / Walnut Creek Dr. Expect delays.,3842,Westerville Rd,R,Columbus,Franklin,OH,43224-2585,US,US/Eastern,KCMH,2/16/16 6:51,32,23.6,92,29.71,2,NNW,10.4,0.01,Overcast,FALSE,FALSE,FALSE,FALSE,FALSE,FALSE,FALSE,FALSE,FALSE,FALSE,FALSE,FALSE,FALSE,Night,Night,Day,Day
A-176,MapQuest,201,2,2/16/16 6:39,2/16/16 7:09,39.77792,-84.246872,0,0,0,Accident on Karwin Dr at Otterbein Ave. Expect delays.,3700,Otterbein Ave,L,Dayton,Montgomery,OH,45406-3629,US,US/Eastern,KDAY,2/16/16 6:56,30.9,22.2,96,29.78,2,NW,10.4,0,Overcast,FALSE,FALSE,FALSE,FALSE,FALSE,FALSE,FALSE,FALSE,FALSE,FALSE,FALSE,FALSE,FALSE,Night,Night,Day,Day
A-177,MapQuest,201,3,2/16/16 6:34,2/16/16 7:04,39.917412,-83.014236,0,0,1.65,Left hand shoulder blocked due to accident on I-71 Southbound from Exit 105 Greenlawn Ave to Exit 104 OH-104 Frank Rd.,0,Frank Rd,R,Columbus,Franklin,OH,43223,US,US/Eastern,KTZR,2/16/16 6:15,32.2,25.8,100,29.69,4,NNW,6.9,0,Overcast,FALSE,FALSE,FALSE,FALSE,FALSE,FALSE,FALSE,FALSE,FALSE,FALSE,FALSE,FALSE,FALSE,Night,Night,Day,Day
A-178,MapQuest,341,3,2/16/16 6:47,2/16/16 7:17,41.313236,-81.810959,0,0,0.01,One lane blocked due to jackknifed truck on I-71 Southbound at Exits 231 231A 231B OH-82 Royalton Rd. Expect delays.,0,I-71 N,R,Strongsville,Cuyahoga,OH,44136,US,US/Eastern,KCLE,2/16/16 6:51,32,24.8,92,29.73,1.8,North,8.1,0.02,Light Snow,FALSE,FALSE,FALSE,FALSE,FALSE,FALSE,FALSE,FALSE,FALSE,FALSE,FALSE,FALSE,FALSE,Night,Night,Day,Day
A-179,MapQuest,201,2,2/16/16 6:50,2/16/16 7:20,39.691998,-84.043655,0,0,0.01,Accident on Alpha Bellbrook Rd at Indian Ripple Rd. Expect delays.,2898,Indian Ripple Rd,R,Beavercreek,Montgomery,OH,45440-3606,US,US/Eastern,KMGY,2/16/16 6:53,32,24.8,88,29.76,3,NW,8.1,0,Overcast,FALSE,FALSE,FALSE,FALSE,FALSE,FALSE,FALSE,FALSE,FALSE,FALSE,FALSE,FALSE,FALSE,Night,Night,Day,Day
A-180,MapQuest,201,2,2/16/16 6:50,2/16/16 7:20,39.852417,-82.938606,0,0,0.01,Accident on Alum Creek Dr at Toy Rd. Expect delays.,0,Toy Rd,R,Groveport,Franklin,OH,43125,US,US/Eastern,KLCK,2/16/16 6:55,32,24.8,99,29.7,7,NW,8.1,0,Overcast,FALSE,FALSE,FALSE,FALSE,FALSE,FALSE,FALSE,FALSE,FALSE,FALSE,FALSE,TRUE,FALSE,Night,Night,Day,Day
A-181,MapQuest,201,3,2/16/16 7:02,2/16/16 7:32,39.956909,-83.044914,0,0,0.01,Left hand shoulder blocked due to accident on I-70 Westbound at Exit 97 US-40 Broad St.,0,I-70 E,R,Columbus,Franklin,OH,43223,US,US/Eastern,KTZR,2/16/16 7:25,32,25.6,100,29.72,3,NNW,6.9,0,Overcast,FALSE,FALSE,FALSE,FALSE,FALSE,FALSE,FALSE,FALSE,FALSE,FALSE,FALSE,FALSE,FALSE,Night,Day,Day,Day
A-182,MapQuest,241,2,2/16/16 7:10,2/16/16 7:40,39.602947,-82.951836,0,0,0.01,One lane blocked due to accident on US-23 US Highway 23 Southbound at US-22 US Highway 22 / US-22. Expect delays.,0,OH-56,R,Circleville,Pickaway,OH,43113,US,US/Eastern,KLCK,2/16/16 7:15,32,23.6,99,29.71,7,NW,10.4,0,Overcast,FALSE,FALSE,FALSE,FALSE,FALSE,FALSE,FALSE,FALSE,FALSE,FALSE,FALSE,FALSE,FALSE,Night,Day,Day,Day
A-183,MapQuest,201,2,2/16/16 7:12,2/16/16 7:42,39.891884,-83.087547,0,0,0.01,Accident on Southwest Blvd at Farm Bank Way.,3200,Southwest Blvd,R,Grove City,Franklin,OH,43123-2251,US,US/Eastern,KTZR,2/16/16 7:25,32,25.6,100,29.72,3,NNW,6.9,0,Overcast,FALSE,FALSE,FALSE,FALSE,FALSE,FALSE,FALSE,FALSE,FALSE,FALSE,FALSE,FALSE,FALSE,Night,Day,Day,Day
A-184,MapQuest,201,2,2/16/16 7:29,2/16/16 7:59,39.785084,-84.210564,0,0,0.01,Accident on OH-48 Main St at Fairview Ave. Expect delays.,2298,N Main St,R,Dayton,Montgomery,OH,45405-3527,US,US/Eastern,KDAY,2/16/16 7:27,30,21.1,100,29.75,2,NNW,10.4,0,Overcast,FALSE,FALSE,FALSE,FALSE,FALSE,FALSE,FALSE,FALSE,FALSE,FALSE,FALSE,TRUE,FALSE,Day,Day,Day,Day
A-185,MapQuest,201,3,2/16/16 7:52,2/16/16 8:22,40.1105,-82.977524,0,0,0.01,Accident on I-71 Northbound at Exits 119 119A 119B I-270 Outerbelt. Expect delays.,0,Outerbelt W,R,Columbus,Franklin,OH,43085,US,US/Eastern,KOSU,2/16/16 7:53,32,24.2,96,29.75,3,NW,9.2,0,Overcast,FALSE,FALSE,FALSE,FALSE,FALSE,FALSE,FALSE,FALSE,FALSE,FALSE,FALSE,FALSE,FALSE,Day,Day,Day,Day
A-186,MapQuest,201,2,2/16/16 7:55,2/16/16 8:25,40.757088,-82.50975,0,0,0.01,Accident on US-42 2nd St at US-42 Hedges St / 2nd St. Expect delays.,157,E 2nd St,L,Mansfield,Richland,OH,44902-2068,US,US/Eastern,KMFD,2/16/16 7:52,30,21.1,100,29.73,5,NNW,10.4,0,Overcast,FALSE,FALSE,FALSE,FALSE,FALSE,FALSE,FALSE,FALSE,FALSE,TRUE,FALSE,FALSE,FALSE,Day,Day,Day,Day
A-187,MapQuest,201,3,2/16/16 7:56,2/16/16 8:26,41.063995,-81.572945,0,0,0.01,Accident on I-77 Southbound at Exit 130 OH-261 Vernon Odom Blvd. Expect delays.,1430,Vernon Odom Blvd,L,Akron,Summit,OH,44320-4026,US,US/Eastern,KAKR,2/16/16 7:54,34,28,89,29.68,1.8,North,6.9,0,Light Snow,FALSE,FALSE,FALSE,FALSE,FALSE,FALSE,FALSE,FALSE,FALSE,FALSE,FALSE,FALSE,FALSE,Day,Day,Day,Day
A-188,MapQuest,241,3,2/16/16 7:58,2/16/16 8:28,40.004749,-82.867638,0,0,0.01,One lane blocked due to accident on I-270 Outerbelt Northbound at Exit 37 OH-317 Hamilton Rd. Expect delays.,0,N Hamilton Rd,R,Columbus,Franklin,OH,43230,US,US/Eastern,KCMH,2/16/16 7:51,32,24.8,88,29.75,5,NNW,8.1,0,Overcast,FALSE,FALSE,FALSE,FALSE,FALSE,FALSE,FALSE,FALSE,FALSE,FALSE,FALSE,FALSE,FALSE,Day,Day,Day,Day
A-189,MapQuest,201,2,2/16/16 8:13,2/16/16 8:43,40.033955,-83.000862,0,0,0.01,Accident on US-23 Indianola Ave at Dunedin Rd.,3442,Indianola Ave,R,Columbus,Franklin,OH,43214-3810,US,US/Eastern,KOSU,2/16/16 7:53,32,24.2,96,29.75,3,NW,9.2,0,Overcast,FALSE,FALSE,FALSE,FALSE,FALSE,FALSE,FALSE,FALSE,TRUE,FALSE,FALSE,FALSE,FALSE,Day,Day,Day,Day
A-190,MapQuest,241,2,2/16/16 8:20,2/16/16 8:50,38.929512,-83.495262,0,0,1.65,One lane blocked due to accident on OH-32 Appalachian Hwy Westbound from County Hwy-13 Lawshe Rd to Barry McFarland Dr.,0,Appalachian Hwy,R,Peebles,Adams,OH,45660,US,US/Eastern,KILN,2/16/16 8:12,30.9,22.8,100,29.76,1,WNW,9.2,0,Overcast,FALSE,FALSE,FALSE,FALSE,FALSE,FALSE,FALSE,FALSE,FALSE,FALSE,FALSE,FALSE,FALSE,Day,Day,Day,Day
A-191,MapQuest,241,3,2/16/16 8:26,2/16/16 8:56,39.973419,-83.081558,0,0,0.01,One lane blocked due to accident on I-70 Westbound at Exit 95 Fisher Rd. Expect delays.,896,N Hague Ave,L,Columbus,Franklin,OH,43204-2174,US,US/Eastern,KTZR,2/16/16 8:47,32,28.7,100,29.77,2.5,NW,3.5,0,Overcast,FALSE,FALSE,FALSE,FALSE,FALSE,FALSE,FALSE,FALSE,FALSE,FALSE,FALSE,FALSE,FALSE,Day,Day,Day,Day
A-192,MapQuest,201,2,2/16/16 8:36,2/16/16 9:06,39.797958,-84.255135,0,0,0.01,Accident on Gettysburg Ave at Free Pike. Expect delays.,4043,Free Pike,R,Dayton,Montgomery,OH,45416-1234,US,US/Eastern,KDAY,2/16/16 8:41,30,23.2,96,29.79,1.5,NW,6.9,0,Overcast,FALSE,FALSE,FALSE,FALSE,FALSE,FALSE,FALSE,FALSE,FALSE,FALSE,FALSE,TRUE,FALSE,Day,Day,Day,Day
A-193,MapQuest,201,3,2/16/16 8:42,2/16/16 9:12,40.057369,-82.903717,0,0,0.01,Accident on I-270 Outerbelt Northbound at Exit 32 Morse Rd. Expect delays.,0,Outerbelt S,R,Columbus,Franklin,OH,43230,US,US/Eastern,KCMH,2/16/16 8:51,32,24.8,88,29.78,4,NW,8.1,0,Overcast,FALSE,FALSE,FALSE,FALSE,FALSE,FALSE,FALSE,FALSE,FALSE,FALSE,FALSE,FALSE,FALSE,Day,Day,Day,Day
A-194,MapQuest,201,2,2/16/16 8:41,2/16/16 9:11,39.847927,-82.848274,0,0,0.01,Accident on Groveport Rd at Rager Rd. Expect delays.,8019,Groveport Rd,R,Canal Winchester,Franklin,OH,43110,US,US/Eastern,KLCK,2/16/16 8:35,32,26.4,97,29.76,3,NW,5.8,0,Overcast,FALSE,FALSE,FALSE,FALSE,FALSE,FALSE,FALSE,FALSE,FALSE,FALSE,FALSE,FALSE,FALSE,Day,Day,Day,Day
A-195,MapQuest,241,2,2/16/16 8:57,2/16/16 9:27,40.051949,-83.032806,0,0,0.01,One lane blocked due to accident on OH-315 Olentangy Fwy Southbound at Exit 7 Olentangy River Rd. Expect delays.,0,W Henderson Rd,R,Columbus,Franklin,OH,43214,US,US/Eastern,KOSU,2/16/16 8:53,32,26.4,96,29.78,2.5,NW,5.8,0,Overcast,FALSE,FALSE,FALSE,FALSE,FALSE,FALSE,FALSE,FALSE,FALSE,FALSE,FALSE,FALSE,FALSE,Day,Day,Day,Day
A-196,MapQuest,201,2,2/16/16 10:03,2/16/16 13:00,40.051949,-83.032806,0,0,0.01,Lane blocked on exit ramp due to accident on Olentangy River Rd Northbound at Olentangy River Rd / Henderson Rd.,0,W Henderson Rd,R,Columbus,Franklin,OH,43214,US,US/Eastern,KOSU,2/16/16 10:00,33.1,24.9,92,29.77,2.5,WNW,10.4,0,Overcast,FALSE,FALSE,FALSE,FALSE,FALSE,FALSE,FALSE,FALSE,FALSE,FALSE,FALSE,FALSE,FALSE,Day,Day,Day,Day
A-197,MapQuest,201,2,2/16/16 10:58,2/16/16 11:28,39.772823,-84.135612,0,0,0,Accident on Radio Rd at Smithville Rd. Expect delays.,1800,Radio Rd,R,Dayton,Greene,OH,45431-1035,US,US/Eastern,KFFO,2/16/16 10:58,31.1,25.4,88,29.86,6,WNW,5.8,0,Overcast,FALSE,FALSE,FALSE,FALSE,FALSE,FALSE,FALSE,FALSE,FALSE,FALSE,FALSE,FALSE,FALSE,Day,Day,Day,Day
A-198,MapQuest,201,2,2/16/16 11:12,2/16/16 11:42,39.673203,-84.221886,0,0,0.01,Accident on Alex Bell Rd at OH-741 Springboro Pike. Expect delays.,5801,Springboro Pike,R,Dayton,Montgomery,OH,45449-2808,US,US/Eastern,KMGY,2/16/16 11:29,30.9,22.8,76,29.81,6,WNW,9.2,0,Haze,FALSE,FALSE,FALSE,FALSE,FALSE,FALSE,FALSE,FALSE,FALSE,FALSE,FALSE,TRUE,FALSE,Day,Day,Day,Day
A-199,MapQuest,201,2,2/16/16 11:11,2/16/16 11:41,39.76244,-84.20507,0,0,0.01,Accident on Riverview Ave at Salem Ave. Expect delays.,0,Salem Ave,R,Dayton,Montgomery,OH,45406,US,US/Eastern,KDAY,2/16/16 11:06,30,24.1,92,29.82,1.8,NW,5.8,0,Light Snow,FALSE,FALSE,TRUE,FALSE,FALSE,FALSE,FALSE,FALSE,FALSE,FALSE,FALSE,TRUE,FALSE,Day,Day,Day,Day
A-200,MapQuest,201,2,2/16/16 11:10,2/16/16 11:40,39.79166,-84.169342,0,0,0,Accident on Kuntz Rd at Janney Rd. Expect delays.,1901,Kuntz Rd,L,Dayton,Montgomery,OH,45404-1222,US,US/Eastern,KFFO,2/16/16 10:58,31.1,25.4,88,29.86,6,WNW,5.8,0,Overcast,FALSE,FALSE,FALSE,FALSE,FALSE,FALSE,FALSE,FALSE,FALSE,FALSE,FALSE,FALSE,FALSE,Day,Day,Day,Day
A-201,MapQuest,201,2,2/16/16 11:11,2/16/16 11:41,39.72757,-84.13549,0,0,0,Accident on Hazel Ave at Russell Ave. Expect delays.,1301,Russell Ave,L,Dayton,Montgomery,OH,45420,US,US/Eastern,KFFO,2/16/16 10:58,31.1,25.4,88,29.86,6,WNW,5.8,0,Overcast,FALSE,FALSE,FALSE,FALSE,FALSE,FALSE,FALSE,FALSE,FALSE,FALSE,FALSE,FALSE,FALSE,Day,Day,Day,Day
A-202,MapQuest,201,3,2/16/16 11:32,2/16/16 12:02,40.099171,-83.134499,0,0,0.01,Accident on I-270 Outerbelt Westbound at Exits 17A 17B US-33 Columbus Marysville Rd. Expect delays.,0,Columbus Marysville Rd N,R,Dublin,Franklin,OH,43017,US,US/Eastern,KOSU,2/16/16 11:36,32,23,92,29.78,2.5,West,11.5,0,Overcast,FALSE,FALSE,FALSE,FALSE,FALSE,FALSE,FALSE,FALSE,FALSE,FALSE,FALSE,FALSE,FALSE,Day,Day,Day,Day
A-203,MapQuest,241,3,2/16/16 13:46,2/16/16 14:16,38.455898,-81.935623,0,0,0.01,One lane blocked and queueing traffic due to accident on I-64 Eastbound at Exit 39 WV-34.,0,WV-34,R,Hurricane,Putnam,WV,25526,US,US/Eastern,KCRW,2/16/16 13:54,35.1,27.9,89,29.81,2,WSW,9.2,0,Overcast,FALSE,FALSE,FALSE,FALSE,FALSE,FALSE,FALSE,FALSE,FALSE,FALSE,FALSE,FALSE,FALSE,Day,Day,Day,Day
A-204,MapQuest,201,2,2/16/16 14:02,2/16/16 14:47,39.764778,-84.177193,0,0,0.01,Accident on OH-4 Keowee St at OH-4 Keowee St.,0,N Keowee St,R,Dayton,Montgomery,OH,45402,US,US/Eastern,KFFO,2/16/16 13:58,32.4,25.3,79,29.81,10,West,8.1,0,Overcast,FALSE,FALSE,FALSE,FALSE,FALSE,FALSE,FALSE,FALSE,FALSE,FALSE,FALSE,TRUE,FALSE,Day,Day,Day,Day
A-205,MapQuest,406,3,2/16/16 16:47,2/16/16 21:00,40.016014,-82.903442,0,0,0.01,Entry ramp closed due to accident on I-270 Outerbelt Westbound at Exits 35A 35B I-670 Northeast Fwy.,0,Northeast Fwy S,R,Columbus,Franklin,OH,43230,US,US/Eastern,KCMH,2/16/16 16:51,32,24.2,75,29.82,7,WNW,9.2,0,Overcast,FALSE,FALSE,FALSE,FALSE,TRUE,FALSE,FALSE,FALSE,FALSE,FALSE,FALSE,FALSE,FALSE,Day,Day,Day,Day
A-206,MapQuest,201,2,2/17/16 5:31,2/17/16 6:01,39.686901,-83.911812,0,0,0.01,Accident on Main St at Jasper Ave / Patton St. Expect delays.,999,E Main St,R,Xenia,Greene,OH,45385-3309,US,US/Eastern,KFFO,2/17/16 5:58,30.4,26.9,90,30.08,10,West,3.5,0,Overcast,FALSE,FALSE,TRUE,FALSE,FALSE,FALSE,FALSE,FALSE,FALSE,FALSE,FALSE,TRUE,FALSE,Night,Night,Night,Night
A-207,MapQuest,201,2,2/17/16 5:45,2/17/16 6:15,39.74403,-84.214638,0,0,0.01,Accident on Dona Ave at Broadway St. Expect delays.,814,S Broadway St,L,Dayton,Montgomery,OH,45417-3913,US,US/Eastern,KDAY,2/17/16 5:56,30,23.2,88,30.07,6,WNW,6.9,0,Overcast,FALSE,FALSE,FALSE,FALSE,FALSE,FALSE,FALSE,FALSE,FALSE,FALSE,FALSE,FALSE,FALSE,Night,Night,Night,Night
A-208,MapQuest,201,2,2/17/16 6:27,2/17/16 6:57,39.955738,-83.002953,0,0,0.01,Accident on US-62 Main St at 2nd St / Civic Center Dr. Expect delays.,0,S 2nd St,R,Columbus,Franklin,OH,43215,US,US/Eastern,KCMH,2/17/16 6:46,28.4,21.2,80,30.05,7,WNW,6.9,0,Overcast,TRUE,FALSE,TRUE,FALSE,FALSE,FALSE,FALSE,FALSE,FALSE,FALSE,FALSE,TRUE,FALSE,Night,Night,Day,Day
A-209,MapQuest,201,2,2/17/16 6:32,2/17/16 7:02,38.98587,-84.052551,0,0,0.01,Accident on OH-133 State Route 133 near Tudor Ln. Expect delays.,3110,State Route 133,R,Bethel,Clermont,OH,45106-8345,US,US/Eastern,KI69,2/17/16 6:37,30.9,27.5,91,30.07,7,West,3.5,0,Overcast,FALSE,FALSE,FALSE,FALSE,FALSE,FALSE,FALSE,FALSE,FALSE,FALSE,FALSE,FALSE,FALSE,Night,Night,Day,Day
A-210,MapQuest,201,2,2/17/16 6:44,2/17/16 7:14,41.12336,-81.652626,0,0,0.01,Accident on OH-21 Northbound at I-77. Expect delays.,0,I-77 N,R,Akron,Summit,OH,44321,US,US/Eastern,KAKR,2/17/16 6:54,28,21.7,81,30.03,7,SW,5.8,0,Overcast,FALSE,FALSE,FALSE,FALSE,FALSE,FALSE,FALSE,FALSE,FALSE,FALSE,FALSE,FALSE,FALSE,Night,Night,Day,Day
A-211,MapQuest,201,3,2/17/16 7:10,2/17/16 7:40,41.403664,-82.13942,0,0,0.01,Right hand shoulder blocked due to accident on I-90 Eastbound at OH-2.,0,OH-2 W,R,Elyria,Lorain,OH,44035,US,US/Eastern,KLPR,2/17/16 7:20,28,20.8,85,30.03,6,West,6.9,0,Overcast,FALSE,FALSE,FALSE,FALSE,FALSE,FALSE,FALSE,FALSE,FALSE,FALSE,FALSE,FALSE,FALSE,Night,Day,Day,Day
A-212,MapQuest,201,3,2/17/16 7:14,2/17/16 7:44,39.719009,-84.214615,0,0,0.01,Accident on I-75 Southbound before Exit 50B OH-741 Springboro Rd. Expect delays.,0,I-75 N,R,Dayton,Montgomery,OH,45439,US,US/Eastern,KMGY,2/17/16 7:06,30,24.1,82,30.07,5,West,5.8,0,Haze,FALSE,FALSE,FALSE,FALSE,FALSE,FALSE,FALSE,FALSE,FALSE,FALSE,FALSE,FALSE,FALSE,Night,Day,Day,Day
A-213,MapQuest,201,3,2/17/16 7:22,2/17/16 7:52,41.063995,-81.572945,0,0,0.01,Accident on I-77 Northbound at Exit 130 OH-261 Vernon Odom Blvd. Expect delays.,1430,Vernon Odom Blvd,L,Akron,Summit,OH,44320-4026,US,US/Eastern,KAKR,2/17/16 6:54,28,21.7,81,30.03,7,SW,5.8,0,Overcast,FALSE,FALSE,FALSE,FALSE,FALSE,FALSE,FALSE,FALSE,FALSE,FALSE,FALSE,FALSE,FALSE,Day,Day,Day,Day
A-214,MapQuest,201,2,2/17/16 7:29,2/17/16 7:59,39.741764,-84.209923,0,0,0,Accident on Wildwood Ave at Stewart St. Expect delays.,831,W Stewart St,R,Dayton,Montgomery,OH,45417-3933,US,US/Eastern,KDAY,2/17/16 7:56,30,22.4,92,30.14,3,NW,8.1,0,Overcast,FALSE,FALSE,FALSE,FALSE,FALSE,FALSE,FALSE,FALSE,FALSE,FALSE,FALSE,FALSE,FALSE,Day,Day,Day,Day
A-215,MapQuest,201,3,2/17/16 7:30,2/17/16 8:00,39.933804,-82.789444,0,0,0.01,Accident on I-70 Westbound at Exits 112 112A 112B OH-256 Hill Rd. Expect delays.,0,Hill Rd N,R,Pickerington,Fairfield,OH,43147,US,US/Eastern,KLHQ,2/17/16 7:28,30,26.5,79,30.08,7,WSW,3.5,0,Overcast,FALSE,FALSE,FALSE,FALSE,FALSE,FALSE,FALSE,FALSE,FALSE,FALSE,FALSE,FALSE,FALSE,Day,Day,Day,Day
A-216,MapQuest,201,2,2/17/16 7:40,2/17/16 8:10,39.673203,-84.221886,0,0,0.01,Accident on Alex Bell Rd at OH-741 Springboro Pike. Expect delays.,5801,Springboro Pike,R,Dayton,Montgomery,OH,45449-2808,US,US/Eastern,KMGY,2/17/16 7:53,30,25.2,85,30.12,3,West,4.6,0,Overcast,FALSE,FALSE,FALSE,FALSE,FALSE,FALSE,FALSE,FALSE,FALSE,FALSE,FALSE,TRUE,FALSE,Day,Day,Day,Day
A-217,MapQuest,201,2,2/17/16 7:39,2/17/16 8:09,38.997852,-84.043739,0,0,1.73,Accident on OH-133 State Route 133 from Macedonia Rd to Clover Rd. Expect delays.,3599,Clover Rd,R,Bethel,Clermont,OH,45106-8301,US,US/Eastern,KI69,2/17/16 7:37,31.1,24.5,92,30.11,7,West,6.9,0,Overcast,FALSE,FALSE,FALSE,FALSE,FALSE,FALSE,FALSE,FALSE,FALSE,FALSE,FALSE,FALSE,FALSE,Day,Day,Day,Day
A-218,MapQuest,201,2,2/17/16 7:43,2/17/16 8:13,40.080402,-82.877457,0,0,0.01,Right hand shoulder blocked due to accident on OH-161 New Albany Expy Westbound at Little Turtle Way / Dublin Granville Rd.,0,New Albany Expy W,R,Westerville,Franklin,OH,43081,US,US/Eastern,KCMH,2/17/16 7:44,30.2,23.4,75,30.08,5,West,6.9,0,Haze,FALSE,FALSE,FALSE,FALSE,FALSE,FALSE,FALSE,FALSE,FALSE,FALSE,FALSE,FALSE,FALSE,Day,Day,Day,Day
A-219,MapQuest,201,3,2/17/16 7:52,2/17/16 8:22,41.04023,-81.608711,0,0,0.01,Accident on I-76 Eastbound at Exit 16 Barber Rd. Expect delays.,0,Barber Rd,R,Barberton,Summit,OH,44203,US,US/Eastern,KAKR,2/17/16 7:54,28,22.8,81,30.06,6,WSW,4.6,0,Haze,FALSE,FALSE,FALSE,FALSE,TRUE,FALSE,FALSE,FALSE,FALSE,FALSE,FALSE,FALSE,FALSE,Day,Day,Day,Day
A-220,MapQuest,201,2,2/17/16 8:02,2/17/16 8:32,39.749664,-84.201012,0,0,0,Accident on Washington St at Cincinnati St. Expect delays.,698,Washington St,L,Dayton,Montgomery,OH,45402-8457,US,US/Eastern,KFFO,2/17/16 7:58,30.7,24.9,90,30.14,4,WNW,5.8,0,Overcast,FALSE,FALSE,FALSE,FALSE,FALSE,FALSE,FALSE,FALSE,FALSE,FALSE,FALSE,FALSE,FALSE,Day,Day,Day,Day
A-221,MapQuest,201,2,2/17/16 8:04,2/17/16 8:34,39.749916,-84.139359,0,0,0.01,Accident on US-35 Eastbound at Smithville Rd. Expect delays.,0,US-35 E,R,Dayton,Montgomery,OH,45410,US,US/Eastern,KFFO,2/17/16 7:58,30.7,24.9,90,30.14,4,WNW,5.8,0,Overcast,FALSE,FALSE,FALSE,FALSE,FALSE,FALSE,FALSE,FALSE,FALSE,FALSE,FALSE,FALSE,FALSE,Day,Day,Day,Day
A-222,MapQuest,241,3,2/17/16 7:49,2/17/16 21:00,41.039204,-81.631744,0,0,0.01,One lane blocked due to accident on I-76 Eastbound at Exit 14 Cleveland Massillon Rd.,0,US-224 E,R,Barberton,Summit,OH,44203,US,US/Eastern,KAKR,2/17/16 7:50,28.4,21.2,80,30.02,6,WSW,6.9,0,Haze,FALSE,FALSE,FALSE,FALSE,FALSE,FALSE,FALSE,FALSE,FALSE,FALSE,FALSE,FALSE,FALSE,Day,Day,Day,Day
A-223,MapQuest,201,2,2/17/16 8:17,2/17/16 8:47,40.993484,-82.036003,0,0,0,Accident on Repp Rd at County Hwy-34 Franchester Rd.,10278,Franchester Rd,L,Burbank,Wayne,OH,44214-9603,US,US/Eastern,KBJJ,2/17/16 7:56,27,18,85,30.08,4,WSW,9.2,0,Overcast,FALSE,FALSE,FALSE,FALSE,FALSE,FALSE,FALSE,FALSE,FALSE,FALSE,FALSE,FALSE,FALSE,Day,Day,Day,Day
A-224,MapQuest,201,3,2/17/16 8:28,2/17/16 8:58,41.407391,-81.646767,0,0,0.01,Accident on I-480 Eastbound at Exit 20A-B I-77. Expect delays.,0,Outerbelt South Fwy W,R,Independence,Cuyahoga,OH,44131,US,US/Eastern,KBKL,2/17/16 8:15,30,21.1,82,30.05,6,WSW,10.4,0,Light Snow,FALSE,FALSE,FALSE,FALSE,FALSE,FALSE,FALSE,FALSE,FALSE,FALSE,FALSE,FALSE,FALSE,Day,Day,Day,Day
A-225,MapQuest,201,2,2/17/16 8:33,2/17/16 9:03,39.732441,-84.224243,0,0,0.01,Accident on Nicholas Rd at Danner Ave. Expect delays.,1661,Nicholas Rd,R,Dayton,Montgomery,OH,45417-6720,US,US/Eastern,KDAY,2/17/16 8:56,30,22.4,96,30.18,2.5,NW,8.1,0,Overcast,FALSE,FALSE,FALSE,FALSE,FALSE,FALSE,FALSE,FALSE,FALSE,FALSE,FALSE,FALSE,FALSE,Day,Day,Day,Day
A-226,MapQuest,201,3,2/17/16 8:59,2/17/16 9:29,39.773193,-84.187454,0,0,0.01,Accident on I-75 Southbound at Exits 54A 54B OH-4. Expect delays.,0,I-75 S,R,Dayton,Montgomery,OH,45404,US,US/Eastern,KFFO,2/17/16 8:58,31.1,25.4,92,30.18,6,WNW,5.8,0,Overcast,FALSE,FALSE,FALSE,FALSE,FALSE,FALSE,FALSE,FALSE,FALSE,FALSE,FALSE,FALSE,FALSE,Day,Day,Day,Day
A-227,MapQuest,201,2,2/17/16 10:00,2/17/16 10:30,39.792931,-84.215195,0,0,0.01,Accident on OH-48 Main St at Pointview Ave. Expect delays.,3035,N Main St,L,Dayton,Montgomery,OH,45405-2858,US,US/Eastern,KDAY,2/17/16 9:56,32,26.4,88,30.2,4,West,5.8,0,Overcast,FALSE,FALSE,FALSE,FALSE,FALSE,FALSE,FALSE,FALSE,FALSE,FALSE,FALSE,FALSE,FALSE,Day,Day,Day,Day
A-228,MapQuest,241,3,2/17/16 10:19,2/17/16 10:49,39.948299,-82.047081,0,0,0.01,One lane blocked due to accident on I-70 Westbound at Exit 152 US-40 West Pike. Expect delays.,0,I-70 W,R,Zanesville,Muskingum,OH,43701,US,US/Eastern,KZZV,2/17/16 9:53,33.1,27.7,72,30.16,5,West,5.8,0,Haze,FALSE,FALSE,FALSE,FALSE,FALSE,FALSE,FALSE,FALSE,FALSE,FALSE,FALSE,FALSE,FALSE,Day,Day,Day,Day
A-229,MapQuest,201,2,2/17/16 10:32,2/17/16 11:02,39.67263,-84.216522,0,0,0,Accident on Cobblegate Dr at Alex Bell Rd. Expect delays.,2698,W Alex Bell Rd,L,Dayton,Montgomery,OH,45459-1122,US,US/Eastern,KMGY,2/17/16 10:30,32,26.4,82,30.18,4,West,5.8,0,Haze,FALSE,FALSE,FALSE,FALSE,FALSE,FALSE,FALSE,FALSE,FALSE,FALSE,FALSE,FALSE,FALSE,Day,Day,Day,Day
A-230,MapQuest,406,2,2/17/16 10:22,2/17/16 21:00,41.172302,-83.64917,0,0,0.01,Entry ramp closed due to accident on OH-18 Deshler Rd at I-75.,0,I-75 N,R,North Baltimore,Wood,OH,45872,US,US/Eastern,KFDY,2/17/16 9:53,33.1,23.9,82,30.14,3,West,12.7,0,Haze,FALSE,FALSE,FALSE,FALSE,FALSE,FALSE,FALSE,FALSE,FALSE,FALSE,FALSE,FALSE,FALSE,Day,Day,Day,Day
A-231,MapQuest,201,2,2/17/16 12:57,2/17/16 13:27,39.615208,-84.227318,0,0,0.01,Accident on OH-741 Springboro Pike at Ferndown Dr.,0,Ferndown Dr,R,Miamisburg,Montgomery,OH,45342,US,US/Eastern,KMGY,2/17/16 12:53,35.1,32.2,67,30.23,9,NW,3.5,0,Overcast,FALSE,FALSE,TRUE,FALSE,FALSE,FALSE,FALSE,FALSE,FALSE,FALSE,FALSE,TRUE,FALSE,Day,Day,Day,Day
A-232,MapQuest,201,2,2/17/16 13:25,2/17/16 14:10,39.790604,-84.251404,0,0,0.01,Accident on Hillcrest Ave at Falmouth Ave.,4100,W Hillcrest Ave,L,Dayton,Montgomery,OH,45406-2543,US,US/Eastern,KDAY,2/17/16 12:56,36,28.5,59,30.23,10,NNW,10.4,0,Mostly Cloudy,FALSE,FALSE,FALSE,FALSE,FALSE,FALSE,FALSE,FALSE,FALSE,FALSE,FALSE,FALSE,FALSE,Day,Day,Day,Day
A-233,MapQuest,201,2,2/17/16 17:17,2/17/16 18:02,39.968788,-83.003754,0,0,0,Accident on Nationwide Blvd at Front St. Approach with care.,198,W Nationwide Blvd,R,Columbus,Franklin,OH,43215,US,US/Eastern,KCMH,2/17/16 16:51,35.1,26.4,61,30.26,9,West,12.7,0,Overcast,FALSE,FALSE,TRUE,FALSE,FALSE,FALSE,FALSE,FALSE,FALSE,FALSE,FALSE,TRUE,FALSE,Day,Day,Day,Day
A-234,MapQuest,201,2,2/18/16 4:25,2/18/16 4:55,39.905334,-82.968689,0,0,0.01,Accident on Groveport Rd at Watkins Rd.,1000,Watkins Rd,L,Columbus,Franklin,OH,43207-2661,US,US/Eastern,KLCK,2/18/16 4:35,31.1,27.7,69,30.39,10,NW,3.5,0,Overcast,FALSE,FALSE,FALSE,FALSE,FALSE,FALSE,FALSE,FALSE,FALSE,FALSE,FALSE,FALSE,FALSE,Night,Night,Night,Night
A-235,MapQuest,201,2,2/18/16 5:46,2/18/16 6:16,39.855103,-84.183678,0,0,0.01,Accident on Little York Rd at Webster St. Expect delays.,4271,Little York Rd,L,Dayton,Montgomery,OH,45414-2507,US,US/Eastern,KDAY,2/18/16 5:56,27,0,81,30.45,7,Calm,0,0,Mostly Cloudy,FALSE,FALSE,FALSE,FALSE,FALSE,FALSE,FALSE,FALSE,FALSE,FALSE,FALSE,TRUE,FALSE,Night,Night,Night,Night
A-236,MapQuest,201,2,2/18/16 6:27,2/18/16 6:57,41.414131,-81.632141,0,0,0.01,Accident on OH-17 Granger Rd at Canal Rd. Expect delays.,7998,Granger Rd,R,Cleveland,Cuyahoga,OH,44125-4827,US,US/Eastern,KBKL,2/18/16 6:53,19,11.1,71,30.52,10,SE,5.8,0,Clear,FALSE,FALSE,FALSE,FALSE,FALSE,FALSE,FALSE,FALSE,FALSE,FALSE,FALSE,TRUE,FALSE,Night,Night,Day,Day
A-237,MapQuest,241,3,2/18/16 7:00,2/18/16 7:30,39.933804,-82.789444,0,0,0.01,One lane blocked due to accident on I-70 Westbound at Exits 112 112A 112B OH-256 Hill Rd. Expect delays.,0,Hill Rd N,R,Pickerington,Fairfield,OH,43147,US,US/Eastern,KLHQ,2/18/16 6:53,28,21.7,78,30.48,9,NNE,5.8,0,Overcast,FALSE,FALSE,FALSE,FALSE,FALSE,FALSE,FALSE,FALSE,FALSE,FALSE,FALSE,FALSE,FALSE,Night,Day,Day,Day
A-238,MapQuest,201,3,2/18/16 7:47,2/18/16 8:17,41.063995,-81.572945,0,0,0.01,Accident on I-77 Southbound at Exit 130 OH-261 Vernon Odom Blvd. Expect delays.,1430,Vernon Odom Blvd,L,Akron,Summit,OH,44320-4026,US,US/Eastern,KAKR,2/18/16 7:43,3.9,0,91,30.49,1.8,Calm,0,0,Clear,FALSE,FALSE,FALSE,FALSE,FALSE,FALSE,FALSE,FALSE,FALSE,FALSE,FALSE,FALSE,FALSE,Day,Day,Day,Day
A-239,MapQuest,241,3,2/18/16 7:51,2/18/16 8:21,39.75782,-83.303154,0,0,0.01,One lane blocked due to accident on I-71 Southbound at Exit 84 OH-56 State Route 56. Expect delays.,0,State Route 56 SE,R,Mount Sterling,Madison,OH,43143,US,US/Eastern,KTZR,2/18/16 7:50,23,0,86,30.48,7,Calm,0,0,Mostly Cloudy,FALSE,FALSE,FALSE,FALSE,FALSE,FALSE,FALSE,FALSE,FALSE,FALSE,FALSE,FALSE,FALSE,Day,Day,Day,Day
A-240,MapQuest,201,3,2/18/16 7:49,2/18/16 8:19,41.42181,-81.734482,0,0,0.01,Accident on I-480 Eastbound at Exit 15 Ridge Rd. Expect delays.,0,Ridge Rd,R,Cleveland,Cuyahoga,OH,44144,US,US/Eastern,KCLE,2/18/16 7:51,12.9,6.9,88,30.58,8,SSE,3.5,0,Clear,FALSE,FALSE,FALSE,FALSE,FALSE,FALSE,FALSE,FALSE,FALSE,FALSE,FALSE,FALSE,FALSE,Day,Day,Day,Day
A-241,MapQuest,201,3,2/18/16 7:55,2/18/16 8:25,41.422199,-81.843018,0,0,0.01,Accident on I-480 Eastbound at Exit 9 OH-17 Brookpark Rd. Expect delays.,0,Grayton Rd,R,Cleveland,Cuyahoga,OH,44135,US,US/Eastern,KCLE,2/18/16 7:51,12.9,6.9,88,30.58,8,SSE,3.5,0,Clear,FALSE,FALSE,FALSE,FALSE,TRUE,FALSE,FALSE,FALSE,FALSE,FALSE,FALSE,FALSE,FALSE,Day,Day,Day,Day
A-242,MapQuest-Bing,241,3,2/18/16 7:50,2/18/16 8:20,39.819839,-84.189087,0,0,0.01,One lane blocked due to accident on I-75 Northbound at Exit 58 Needmore Rd.,0,Needmore Rd,R,Dayton,Montgomery,OH,45414,US,US/Eastern,KDAY,2/18/16 7:56,26.1,0,81,30.5,5,Calm,0,0,Haze,FALSE,FALSE,FALSE,FALSE,FALSE,FALSE,FALSE,FALSE,FALSE,FALSE,FALSE,FALSE,FALSE,Day,Day,Day,Day
A-243,MapQuest-Bing,241,2,2/18/16 8:01,2/18/16 8:31,39.745735,-84.120644,0,0,0.01,One lane blocked due to accident on US-35 Westbound at Woodman Dr.,0,Woodman Dr,R,Dayton,Montgomery,OH,45432,US,US/Eastern,KFFO,2/18/16 7:58,25.9,0,86,30.5,10,Calm,0,0,Mostly Cloudy,FALSE,FALSE,FALSE,FALSE,FALSE,FALSE,FALSE,FALSE,FALSE,FALSE,FALSE,FALSE,FALSE,Day,Day,Day,Day
A-244,MapQuest,201,3,2/18/16 8:00,2/18/16 8:30,40.004749,-82.867638,0,0,0.01,Right hand shoulder blocked due to accident on I-270 Outerbelt Northbound at Exit 37 OH-317 Hamilton Rd.,0,N Hamilton Rd,R,Columbus,Franklin,OH,43230,US,US/Eastern,KCMH,2/18/16 7:51,27,23,75,30.51,7,East,3.5,0,Scattered Clouds,FALSE,FALSE,FALSE,FALSE,FALSE,FALSE,FALSE,FALSE,FALSE,FALSE,FALSE,FALSE,FALSE,Day,Day,Day,Day
A-245,MapQuest,201,2,2/18/16 8:15,2/18/16 8:45,39.626396,-84.207687,0,0,0.01,Accident on Washington Church Rd near Lyons Rd. Expect delays.,2011,Lyons Rd,R,Miamisburg,Montgomery,OH,45342-5453,US,US/Eastern,KMGY,2/18/16 7:53,27,23,78,30.48,5,South,3.5,0,Haze,FALSE,FALSE,FALSE,FALSE,FALSE,FALSE,FALSE,FALSE,FALSE,FALSE,FALSE,FALSE,FALSE,Day,Day,Day,Day
A-246,MapQuest,201,2,2/18/16 8:12,2/18/16 8:42,39.761005,-84.158554,0,0,0.01,Accident on 5th St at Torrence St. Expect delays.,2501,E 5th St,L,Dayton,Montgomery,OH,45403-2633,US,US/Eastern,KFFO,2/18/16 7:58,25.9,0,86,30.5,10,Calm,0,0,Mostly Cloudy,FALSE,FALSE,FALSE,FALSE,FALSE,FALSE,FALSE,FALSE,FALSE,FALSE,FALSE,FALSE,FALSE,Day,Day,Day,Day
A-247,MapQuest,201,2,2/18/16 8:15,2/18/16 8:45,39.765377,-84.155914,0,0,0,Accident on Philadelphia St near 3rd St. Expect delays.,2698,E 3rd St,R,Dayton,Montgomery,OH,45403-2021,US,US/Eastern,KFFO,2/18/16 7:58,25.9,0,86,30.5,10,Calm,0,0,Mostly Cloudy,FALSE,FALSE,FALSE,FALSE,FALSE,FALSE,FALSE,FALSE,FALSE,FALSE,FALSE,FALSE,FALSE,Day,Day,Day,Day
A-248,MapQuest,201,3,2/18/16 8:20,2/18/16 8:50,39.936871,-82.936317,0,0,0.01,Accident on I-70 Eastbound at Exit 103B Alum Creek Dr. Expect delays.,0,I-70 E,R,Columbus,Franklin,OH,43209,US,US/Eastern,KCMH,2/18/16 7:51,27,23,75,30.51,7,East,3.5,0,Scattered Clouds,FALSE,FALSE,FALSE,FALSE,FALSE,FALSE,FALSE,FALSE,FALSE,FALSE,FALSE,FALSE,FALSE,Day,Day,Day,Day
A-249,MapQuest,201,3,2/18/16 8:22,2/18/16 8:52,41.420666,-81.816444,0,0,0.01,Accident on I-71 at Exit 238 I-480.,0,Outerbelt South Fwy W,R,Cleveland,Cuyahoga,OH,44135,US,US/Eastern,KCLE,2/18/16 8:51,16,6.3,81,30.62,10,ESE,6.9,0,Clear,FALSE,FALSE,FALSE,FALSE,FALSE,FALSE,FALSE,FALSE,FALSE,FALSE,FALSE,FALSE,FALSE,Day,Day,Day,Day
A-250,MapQuest,201,2,2/18/16 8:29,2/18/16 8:59,39.607605,-84.155983,0,0,0,Accident on Marco Ln at Mandel Dr. Expect delays.,198,Marco Ln,R,Dayton,Montgomery,OH,45458-3853,US,US/Eastern,KMGY,2/18/16 8:53,28.9,0,75,30.5,6,Calm,0,0,Haze,FALSE,FALSE,FALSE,FALSE,FALSE,FALSE,FALSE,FALSE,FALSE,FALSE,FALSE,FALSE,FALSE,Day,Day,Day,Day
A-251,MapQuest,201,2,2/18/16 8:37,2/18/16 9:07,39.819809,-84.187103,0,0,0,Accident on Wadsworth Rd at Needmore Rd. Expect delays.,2501,Needmore Rd,L,Dayton,Montgomery,OH,45414-4203,US,US/Eastern,KDAY,2/18/16 8:56,30.9,27.5,79,30.51,5,SE,3.5,0,Haze,FALSE,FALSE,FALSE,FALSE,FALSE,FALSE,FALSE,FALSE,FALSE,FALSE,FALSE,TRUE,FALSE,Day,Day,Day,Day
B-1,njaanj,njaajn,njaaa,jnfajana,naaj,jaganj,ngja,jganj,jana,nqns,nkgka,agkn,kngakn,knglanlk,Dayton,ngjaj,fjajn,ngajn,gqjoqn,o,non,k,nknk,nk,nj,n,nj,n,n,n,kn,ono,no,,no,n,n,k,n,kn,o,on,no,n,o,oj,oj,o
